author_id,O,N,n_essays,total_word_count,liwc_wc,emo_sad,focusfuture,mental,certitude,fatigue,Affect,adverb,swear
0,17.0,40.0,33482,1836104.0,1847823.0,0.16,1.71,0.08,0.93,0.07,7.16,6.71,0.28
1,15.0,15.0,28837,1272412.0,1277255.0,0.12,1.27,0.08,1.15,0.11,6.57,6.89,0.82
2,9.0,72.0,28059,909505.0,935056.0,0.06,1.58,0.06,1.18,0.08,4.96,8.27,0.27
3,91.0,73.0,27467,1143891.0,1155153.0,0.12,1.2,0.09,1.04,0.07,5.93,7.71,0.57
4,76.0,75.0,23593,288795.0,309837.0,0.13,1.29,0.1,0.77,0.05,6.86,5.23,1.02
5,3.0,92.0,22679,767993.0,780363.0,0.14,1.09,0.12,0.83,0.07,4.85,6.43,0.63
6,9.0,87.0,19046,550977.0,561084.0,0.19,1.16,0.42,1.33,0.1,6.76,7.69,0.85
7,1.0,97.0,18730,608817.0,613443.0,0.06,1.21,0.46,0.63,0.05,5.91,6.11,0.99
8,38.0,17.0,17449,247133.0,251233.0,0.1,1.75,0.02,1.26,0.08,7.73,7.89,0.07
9,18.0,80.0,15528,182084.0,182573.0,0.05,2.06,0.03,1.28,0.04,6.49,7.7,0.85
10,85.0,71.0,15012,1321046.0,1337311.0,0.03,1.21,0.03,1.07,0.07,4.56,6.5,0.4
11,45.0,28.0,14352,673741.0,701989.0,0.05,1.03,0.01,0.53,0.02,2.28,4.27,0.09
12,44.0,58.0,13170,201810.0,203339.0,0.15,1.28,0.07,1.21,0.14,6.52,7.63,0.82
13,71.0,52.0,13133,208316.0,209925.0,0.17,1.44,0.09,0.7,0.13,6.54,5.95,0.58
14,8.0,73.0,12947,287662.0,290292.0,0.33,1.09,0.03,1.02,0.06,5.88,6.54,0.29
15,79.0,54.0,12609,259240.0,261006.0,0.18,1.19,0.07,1.18,0.13,6.16,7.71,0.59
16,85.0,85.0,12181,290168.0,293485.0,0.1,1.67,0.16,0.82,0.08,5.51,6.33,0.46
17,38.0,69.0,12118,530088.0,535065.0,0.09,0.93,0.07,1.44,0.06,4.62,6.57,0.44
18,3.0,1.0,11811,204167.0,205889.0,0.13,1.47,0.02,1.15,0.08,6.95,6.39,1.11
19,70.0,51.0,11158,160556.0,161311.0,0.07,1.43,0.04,0.87,0.03,6.84,6.42,1.9
20,10.0,18.0,10993,736064.0,744437.0,0.11,1.29,0.07,1.06,0.06,6.07,7.34,0.36
21,9.0,7.0,10766,311780.0,313254.0,0.13,1.18,0.05,1.19,0.1,6.51,6.7,0.91
22,34.0,6.0,10715,246295.0,248956.0,0.08,1.39,0.02,1.22,0.03,5.88,6.52,0.5
23,92.0,94.0,10365,339378.0,346583.0,0.06,1.14,0.03,1.07,0.06,4.35,6.44,0.22
24,52.0,55.0,10233,237044.0,234821.0,0.12,1.93,0.03,1.21,0.09,6.03,7.34,0.69
25,39.0,61.0,10031,453139.0,457169.0,0.06,1.33,0.08,0.64,0.02,4.68,5.13,0.12
26,7.0,3.0,9863,523376.0,523884.0,0.07,1.08,0.05,1.06,0.06,5.18,6.06,0.28
27,81.0,9.0,9673,504537.0,513811.0,0.09,1.04,0.01,0.94,0.08,4.81,6.02,0.05
28,85.0,85.0,9647,363744.0,369285.0,0.12,1.27,0.23,1.42,0.05,5.5,7.42,0.19
29,65.0,21.0,9559,440298.0,444309.0,0.06,1.44,0.04,0.74,0.08,5.32,6.07,0.54
30,57.0,55.0,9493,587562.0,592434.0,0.15,1.85,0.15,0.63,0.07,5.81,5.86,0.4
31,12.0,84.0,9268,179303.0,183139.0,0.13,1.12,0.05,2.01,0.13,6.47,8.24,0.5
32,40.0,95.0,9140,164303.0,164942.0,0.08,1.25,0.04,1.56,0.07,5.68,7.4,1.01
33,34.0,90.0,9129,833002.0,838568.0,0.06,1.06,0.05,0.99,0.03,5.08,5.46,0.14
34,87.0,49.0,8748,109842.0,110573.0,0.17,1.38,0.02,1.14,0.1,8.57,6.66,1.85
35,91.0,32.0,8682,525614.0,527025.0,0.07,1.63,0.09,0.96,0.05,5.11,6.54,0.18
36,13.0,33.0,8624,533280.0,541606.0,0.07,1.36,0.07,0.94,0.05,5.55,6.12,0.37
37,48.0,8.0,8619,173722.0,175351.0,0.11,1.64,0.02,0.9,0.05,7.28,6.19,1.18
38,64.0,88.0,8184,185696.0,199828.0,0.09,1.1,0.05,0.85,0.09,4.45,6.5,0.37
39,13.0,65.0,8180,210065.0,213014.0,0.1,1.08,0.1,0.9,0.03,4.87,5.77,0.05
40,88.0,71.0,8163,92912.0,95027.0,0.19,1.58,0.04,0.88,0.09,7.53,6.83,0.81
41,20.0,19.0,8160,547252.0,558573.0,0.15,0.96,0.01,0.75,0.1,6.25,5.53,0.11
42,89.0,43.0,7956,268514.0,270107.0,0.05,1.54,0.03,0.56,0.03,4.29,4.97,0.29
43,53.0,64.0,7945,414174.0,416381.0,0.09,1.28,0.04,0.82,0.06,5.55,6.19,0.28
44,12.0,93.0,7868,140773.0,142629.0,0.07,1.33,0.04,0.9,0.03,4.71,6.16,0.37
45,45.0,9.0,7838,600992.0,606547.0,0.07,1.08,0.08,0.97,0.03,3.71,6.89,0.06
46,15.0,44.0,7675,763845.0,773773.0,0.04,1.26,0.01,0.79,0.03,4.64,6.41,0.22
47,19.0,27.0,7592,343143.0,352522.0,0.08,1.3,0.09,0.84,0.06,5.21,5.89,0.32
48,62.0,35.0,7467,252956.0,257157.0,0.09,1.24,0.02,1.0,0.06,5.19,7.0,0.22
49,23.0,73.0,7447,299198.0,301396.0,0.13,0.87,0.54,0.94,0.1,5.36,6.43,0.32
50,34.0,20.0,7391,420964.0,424487.0,0.08,1.25,0.12,0.98,0.05,4.73,6.46,0.23
51,79.0,10.0,7386,188227.0,189897.0,0.18,1.61,0.03,1.0,0.07,7.36,6.54,1.08
52,88.0,92.0,7384,108419.0,109375.0,0.09,1.12,0.02,0.82,0.05,5.47,5.69,0.64
53,84.0,13.0,7246,413569.0,416790.0,0.04,1.13,0.06,1.23,0.03,5.0,7.47,0.42
54,96.0,22.0,7221,214161.0,214810.0,0.06,1.85,0.0,1.08,0.04,5.33,6.26,0.24
55,50.0,50.0,7143,133236.0,136133.0,0.1,1.35,0.06,0.82,0.03,5.35,6.25,0.34
56,28.0,6.0,7131,104759.0,104853.0,0.12,1.49,0.06,1.06,0.05,7.79,7.65,2.26
57,55.0,89.0,7101,268000.0,272562.0,0.23,1.08,0.06,1.16,0.09,6.88,6.78,0.64
58,4.0,96.0,7068,152771.0,154340.0,0.16,0.91,0.13,1.31,0.05,5.72,7.04,0.46
59,15.0,50.0,7047,278773.0,281643.0,0.08,1.15,0.04,0.89,0.04,6.61,5.1,0.83
60,0.0,12.0,7042,318873.0,323487.0,0.15,1.57,0.16,1.1,0.06,5.58,6.61,0.29
61,0.0,0.0,7035,243268.0,244243.0,0.05,1.53,0.03,0.86,0.07,4.85,7.1,0.71
62,81.0,75.0,6987,228632.0,228851.0,0.16,1.37,0.29,0.86,0.03,6.82,5.94,0.28
63,77.0,94.0,6971,163918.0,163497.0,0.24,1.07,0.08,0.74,0.11,7.45,6.35,0.72
64,50.0,85.0,6690,277094.0,278635.0,0.17,1.31,0.18,1.45,0.14,6.11,7.96,0.37
65,85.0,15.0,6572,228594.0,232751.0,0.05,1.51,0.04,0.99,0.05,4.55,6.89,0.17
66,91.0,63.0,6549,215456.0,216228.0,0.15,0.96,0.14,1.51,0.05,6.22,7.83,0.92
67,26.0,21.0,6524,149966.0,189325.0,0.13,0.78,0.02,0.74,0.06,4.34,4.74,0.53
68,44.0,55.0,6433,102151.0,104872.0,0.09,1.18,0.04,0.44,0.04,4.13,4.64,0.11
69,6.0,29.0,6393,99151.0,99915.0,0.11,1.31,0.14,0.97,0.07,5.42,6.12,0.45
70,70.0,40.0,6322,339173.0,345367.0,0.12,1.22,0.05,1.37,0.11,5.33,7.56,0.4
71,88.0,6.0,6209,244011.0,246182.0,0.13,1.51,0.11,1.46,0.09,7.07,7.79,0.71
72,25.0,45.0,6188,261934.0,265535.0,0.06,1.04,0.02,0.79,0.05,5.85,6.7,0.43
73,83.0,44.0,6156,228582.0,237015.0,0.07,0.97,0.05,0.66,0.02,4.59,5.39,0.11
74,21.0,19.0,6138,174828.0,175847.0,0.15,1.26,0.03,1.05,0.08,5.43,7.15,0.32
75,85.0,15.0,6030,281262.0,310489.0,0.04,1.69,0.01,0.15,0.01,5.66,2.89,0.1
76,58.0,67.0,6017,150844.0,151550.0,0.16,1.41,0.08,0.82,0.1,6.91,6.88,0.55
77,71.0,49.0,5938,158161.0,157939.0,0.08,1.34,0.04,1.23,0.04,5.39,7.41,0.36
78,30.0,17.0,5922,434674.0,440300.0,0.12,1.45,0.08,0.71,0.07,5.46,5.73,0.23
79,8.0,92.0,5867,159764.0,160841.0,0.04,1.35,0.04,1.25,0.04,4.82,6.03,0.53
80,26.0,89.0,5824,80880.0,81289.0,0.16,1.41,0.04,0.75,0.06,4.49,6.04,0.24
81,50.0,42.0,5733,109614.0,111334.0,0.15,1.29,0.08,1.0,0.06,5.33,7.34,0.77
82,2.0,20.0,5725,231179.0,232985.0,0.1,1.18,0.07,0.84,0.04,4.33,5.94,0.17
83,93.0,71.0,5686,331115.0,338210.0,0.05,0.99,0.05,0.65,0.03,5.04,5.71,0.65
84,60.0,72.0,5392,106696.0,107366.0,0.12,1.26,0.19,0.71,0.06,5.4,6.45,0.36
85,1.0,92.0,5356,153033.0,154266.0,0.14,1.48,0.37,1.01,0.11,6.08,6.07,0.11
86,18.0,98.0,5277,117703.0,118480.0,0.12,1.38,0.02,1.36,0.07,6.84,7.6,0.95
87,20.0,7.0,5240,158088.0,160115.0,0.08,1.1,0.08,0.79,0.09,5.85,5.75,1.02
88,74.0,47.0,5210,151993.0,154828.0,0.1,1.15,0.24,0.98,0.06,5.8,5.87,1.17
89,3.0,40.0,5197,110793.0,111271.0,0.1,1.28,0.1,0.8,0.02,4.62,6.07,0.18
90,8.0,89.0,5158,106780.0,107271.0,0.53,1.16,0.05,0.98,0.11,7.89,6.65,0.8
91,46.0,16.0,5141,70016.0,70649.0,0.08,1.26,0.1,1.03,0.04,6.08,6.67,0.68
92,24.0,63.0,5121,129791.0,131037.0,0.12,1.27,0.01,1.19,0.08,5.67,6.46,0.24
93,50.0,50.0,5120,142012.0,143436.0,0.14,0.99,0.09,1.61,0.04,5.48,7.17,0.28
94,70.0,5.0,5088,204043.0,206529.0,0.11,1.09,0.05,1.11,0.04,5.31,6.91,0.42
95,89.0,40.0,4989,142034.0,147397.0,0.11,1.37,0.02,1.0,0.02,5.45,6.24,0.3
96,77.0,19.0,4952,299906.0,305225.0,0.09,1.21,0.21,0.93,0.05,5.8,6.39,0.61
97,5.0,40.0,4932,159089.0,161249.0,0.1,1.3,0.03,1.17,0.06,5.19,6.77,0.28
98,57.0,10.0,4920,97603.0,98457.0,0.11,1.83,0.05,1.28,0.04,7.18,6.1,1.35
99,56.0,95.0,4904,77736.0,80861.0,0.14,1.42,0.01,0.58,0.02,5.05,3.93,0.15
100,46.0,46.0,4894,230793.0,233648.0,0.08,1.4,0.05,1.27,0.05,5.42,7.8,0.29
101,34.0,1.0,4882,141564.0,143120.0,0.1,1.18,0.32,1.11,0.08,4.17,7.29,0.82
102,57.0,43.0,4856,274940.0,276297.0,0.03,1.34,0.02,0.42,0.02,3.9,4.98,0.07
103,78.0,82.0,4761,158950.0,162169.0,0.11,1.95,0.02,1.01,0.03,5.15,5.81,0.23
104,5.0,46.0,4760,132776.0,134574.0,0.09,1.21,0.02,0.97,0.07,5.4,7.11,0.75
105,3.0,37.0,4674,102027.0,104029.0,0.11,1.35,0.05,1.16,0.07,5.44,7.17,1.09
106,50.0,90.0,4500,240149.0,242594.0,0.16,0.94,0.54,0.98,0.04,4.77,6.28,0.21
107,67.0,61.0,4461,137245.0,138079.0,0.02,1.42,0.01,0.66,0.03,3.02,6.5,0.03
108,1.0,97.0,4430,167705.0,169594.0,0.2,1.41,0.27,1.11,0.13,6.31,6.89,0.83
109,17.0,9.0,4429,128498.0,131298.0,0.08,1.16,0.09,0.99,0.04,5.42,5.99,0.24
110,32.0,13.0,4391,165490.0,167852.0,0.12,1.41,0.11,0.97,0.09,6.13,5.13,0.16
111,83.0,14.0,4389,523344.0,526026.0,0.13,1.78,0.05,1.08,0.08,5.61,7.56,0.06
112,22.0,99.0,4322,72048.0,73002.0,0.03,1.09,0.02,0.88,0.03,4.15,5.33,0.15
113,31.0,99.0,4312,200783.0,203365.0,0.07,1.25,0.22,1.26,0.05,5.21,5.77,0.19
114,12.0,28.0,4283,240147.0,242597.0,0.04,1.53,0.02,0.93,0.01,4.14,4.37,0.02
115,2.0,1.0,4273,127897.0,129084.0,0.03,1.07,0.09,1.12,0.03,3.66,6.27,0.08
116,91.0,79.0,4249,396089.0,402825.0,0.07,1.53,0.01,0.71,0.04,5.13,5.98,0.3
117,80.0,60.0,4249,97342.0,98709.0,0.1,0.97,0.12,1.05,0.05,5.87,5.99,0.69
118,70.0,9.0,4221,88478.0,89792.0,0.08,1.35,0.07,0.84,0.06,5.31,5.39,0.66
119,74.0,1.0,4156,181205.0,183848.0,0.03,1.3,0.02,1.02,0.04,4.89,5.65,0.15
120,67.0,23.0,4127,42816.0,43389.0,0.27,1.35,0.05,0.91,0.12,7.82,6.6,0.78
121,98.0,65.0,4071,172778.0,174721.0,0.12,1.19,0.1,1.5,0.07,5.79,7.29,0.4
122,15.0,5.0,4039,214378.0,218648.0,0.12,1.71,0.06,0.93,0.05,5.83,6.86,0.14
123,10.0,18.0,4036,68744.0,69405.0,0.09,1.46,0.06,0.65,0.07,5.87,5.89,0.61
124,18.0,50.0,4017,100547.0,101222.0,0.15,1.04,0.05,0.82,0.04,4.89,6.07,0.48
125,85.0,50.0,4014,146000.0,146298.0,0.06,1.37,0.03,0.93,0.03,5.67,5.57,0.39
126,6.0,27.0,3969,70847.0,71908.0,0.08,1.36,0.01,1.1,0.01,6.09,5.22,0.06
127,65.0,96.0,3935,86400.0,87499.0,0.35,1.52,0.02,0.66,0.08,5.76,5.47,0.32
128,26.0,22.0,3915,91468.0,92613.0,0.13,1.81,0.07,1.33,0.04,6.26,7.1,1.4
129,29.0,94.0,3890,102314.0,103342.0,0.15,1.0,0.1,1.28,0.06,6.17,6.45,0.31
130,15.0,43.0,3880,198827.0,199942.0,0.09,1.22,0.03,0.91,0.05,4.82,5.81,0.59
131,86.0,98.0,3863,35187.0,36113.0,0.09,0.78,0.02,0.87,0.02,2.96,5.19,0.15
132,58.0,25.0,3842,526562.0,538464.0,0.09,1.11,0.08,0.95,0.05,6.28,5.56,0.54
133,44.0,84.0,3774,75591.0,76714.0,0.11,1.22,0.16,1.04,0.06,5.67,6.26,1.36
134,15.0,85.0,3769,132226.0,133710.0,0.08,1.52,0.03,1.17,0.09,5.13,6.92,0.46
135,78.0,10.0,3761,257202.0,260441.0,0.05,0.98,0.02,0.87,0.05,6.01,6.03,0.28
136,77.0,83.0,3754,53738.0,55271.0,0.12,1.83,0.03,0.79,0.01,6.19,5.58,0.3
137,1.0,46.0,3752,237190.0,239517.0,0.09,1.28,0.06,1.2,0.08,5.0,7.94,0.51
138,6.0,94.0,3752,92536.0,93590.0,0.17,1.19,0.28,0.94,0.1,5.88,6.94,0.86
139,56.0,4.0,3718,59940.0,61042.0,0.11,1.03,0.02,0.61,0.04,4.85,5.48,0.06
140,44.0,98.0,3708,105034.0,107664.0,0.05,0.7,0.11,0.87,0.05,5.91,5.89,0.46
141,74.0,27.0,3682,129905.0,131519.0,0.14,0.97,0.02,3.26,0.07,4.83,7.8,0.16
142,47.0,6.0,3666,100618.0,102619.0,0.03,0.33,0.02,0.34,0.02,2.82,2.09,0.28
143,89.0,5.0,3628,118998.0,122175.0,0.1,1.19,0.03,0.66,0.06,5.05,5.39,0.08
144,85.0,50.0,3615,193321.0,195551.0,0.04,1.51,0.02,0.65,0.04,5.09,5.47,0.06
145,26.0,16.0,3595,274188.0,275264.0,0.09,1.49,0.08,1.51,0.07,5.1,7.59,0.22
146,0.0,69.0,3589,80433.0,81754.0,0.17,1.27,0.17,1.09,0.03,6.01,6.45,0.33
147,9.0,75.0,3548,258708.0,258460.0,0.09,1.01,0.03,0.62,0.03,5.24,4.31,0.11
148,85.0,67.0,3538,153960.0,155422.0,0.05,1.48,0.04,0.45,0.04,4.55,5.2,0.06
149,66.0,48.0,3533,132883.0,137386.0,0.08,1.41,0.01,0.57,0.09,5.39,4.6,0.15
150,17.0,88.0,3508,57318.0,57977.0,0.12,1.36,0.02,0.92,0.04,5.28,5.95,0.22
151,48.0,13.0,3501,88854.0,90178.0,0.13,1.32,0.35,0.91,0.18,5.99,7.62,0.56
152,3.0,27.0,3477,53441.0,53987.0,0.09,1.13,0.22,0.99,0.03,6.69,6.04,1.64
153,11.0,49.0,3476,109802.0,110184.0,0.09,1.61,0.02,0.76,0.08,5.49,5.96,0.47
154,4.0,9.0,3464,52045.0,53754.0,0.07,1.37,0.02,0.92,0.04,6.3,5.31,0.4
155,10.0,87.0,3456,70392.0,70861.0,0.12,1.0,0.08,1.2,0.04,5.11,6.77,0.34
156,86.0,67.0,3385,159045.0,161907.0,0.2,1.35,0.48,0.71,0.03,6.42,6.49,0.15
157,61.0,42.0,3384,84778.0,86110.0,0.06,1.4,0.04,1.42,0.04,4.84,5.62,0.19
158,49.0,41.0,3383,120005.0,123644.0,0.06,1.06,0.01,0.71,0.1,5.6,5.45,0.38
159,26.0,29.0,3378,130267.0,130970.0,0.07,1.29,0.03,1.22,0.07,5.43,6.48,0.37
160,63.0,60.0,3377,282339.0,288719.0,0.03,1.15,0.04,1.44,0.05,3.86,5.64,0.18
161,65.0,40.0,3371,98096.0,98898.0,0.21,1.56,0.04,1.06,0.08,6.25,6.63,0.24
162,15.0,50.0,3324,129593.0,132477.0,0.09,0.51,0.05,0.49,0.04,2.78,4.09,0.15
163,17.0,92.0,3265,78883.0,79325.0,0.1,1.94,0.16,0.94,0.07,4.8,6.36,0.69
164,1.0,67.0,3263,173187.0,174006.0,0.05,1.27,0.03,1.0,0.09,5.02,7.23,0.4
165,91.0,25.0,3260,302185.0,305692.0,0.21,1.39,0.14,1.16,0.1,5.6,6.61,0.25
166,6.0,3.0,3227,212472.0,215446.0,0.03,0.99,0.04,0.83,0.04,4.12,6.46,0.16
167,97.0,41.0,3225,198581.0,200966.0,0.04,1.53,0.05,0.95,0.02,4.88,5.39,0.53
168,50.0,85.0,3202,101043.0,102890.0,0.17,0.98,0.12,1.08,0.11,5.59,7.05,0.3
169,12.0,30.0,3194,91824.0,92400.0,0.1,1.05,0.07,0.84,0.07,6.37,6.44,0.98
170,70.0,85.0,3191,72157.0,72482.0,0.09,1.29,0.07,1.1,0.06,5.75,7.1,0.47
171,98.0,99.0,3161,334077.0,338887.0,0.18,1.14,0.54,0.96,0.07,5.63,6.63,0.16
172,15.0,85.0,3138,217729.0,219769.0,0.07,1.55,0.06,0.74,0.06,4.47,5.6,0.04
173,12.0,54.0,3124,237857.0,246431.0,0.07,1.23,0.05,0.71,0.04,4.03,6.69,0.04
174,24.0,30.0,3104,113373.0,114319.0,0.08,1.47,0.03,1.24,0.06,5.26,6.32,0.39
175,40.0,80.0,3075,74644.0,76669.0,0.22,1.14,0.05,1.37,0.07,5.99,7.12,0.26
176,50.0,31.0,3042,188940.0,195164.0,0.13,0.81,0.03,0.65,0.04,4.86,4.53,0.2
177,67.0,76.0,3033,89131.0,91065.0,0.11,1.19,0.08,0.83,0.04,5.35,5.93,0.58
178,17.0,46.0,2994,29759.0,31027.0,1.29,1.11,0.06,1.17,0.08,20.03,6.99,0.73
179,0.0,98.0,2985,109681.0,109908.0,0.1,1.11,0.07,1.08,0.05,5.21,6.14,0.16
180,6.0,80.0,2978,323950.0,327629.0,0.05,1.31,0.0,0.87,0.05,5.32,7.75,0.43
181,19.0,90.0,2951,43910.0,44358.0,0.15,1.17,0.1,0.59,0.04,5.84,5.08,1.49
182,3.0,92.0,2895,71172.0,72411.0,0.07,0.85,0.06,0.62,0.05,4.77,5.62,0.15
183,4.0,61.0,2895,49682.0,50096.0,0.24,1.77,0.04,0.97,0.18,8.27,6.74,0.27
184,2.0,53.0,2895,34209.0,34640.0,0.16,1.15,0.04,0.74,0.06,5.96,5.13,0.81
185,69.0,99.0,2869,50264.0,51394.0,0.25,1.64,0.04,1.16,0.01,6.45,5.65,0.49
186,66.0,99.0,2867,57442.0,59467.0,0.07,0.91,0.01,0.68,0.03,4.09,3.8,0.25
187,18.0,1.0,2864,59583.0,60144.0,0.07,1.71,0.03,0.99,0.03,5.74,4.78,0.19
188,0.0,1.0,2852,48573.0,48863.0,0.13,1.16,0.09,1.16,0.09,6.36,6.17,0.46
189,70.0,80.0,2819,201298.0,201390.0,0.05,1.31,0.03,1.66,0.05,4.8,7.18,0.35
190,87.0,9.0,2790,62968.0,63351.0,0.17,1.68,0.06,0.86,0.08,5.97,6.97,0.57
191,81.0,44.0,2754,32318.0,32647.0,0.24,1.3,0.04,0.46,0.05,6.23,5.67,0.4
192,86.0,93.0,2729,94780.0,95184.0,0.6,1.86,0.4,0.76,0.14,8.57,6.76,0.61
193,55.0,58.0,2715,145894.0,146802.0,0.06,1.35,0.03,1.08,0.04,4.42,6.92,0.3
194,6.0,1.0,2707,115387.0,117133.0,0.03,1.17,0.04,1.15,0.02,4.07,5.96,0.23
195,3.0,40.0,2704,84929.0,85839.0,0.07,1.39,0.06,0.95,0.07,5.25,5.76,0.61
196,60.0,40.0,2699,63159.0,63646.0,0.05,1.24,0.05,0.79,0.08,4.48,5.74,0.34
197,15.0,93.0,2666,119500.0,120337.0,0.06,1.57,0.04,0.68,0.06,4.6,5.86,0.21
198,0.0,78.0,2664,80388.0,80804.0,0.04,1.33,0.06,0.8,0.06,5.03,6.51,0.66
199,6.0,93.0,2627,103492.0,104132.0,0.12,1.33,0.06,1.16,0.08,6.33,6.57,0.59
200,86.0,72.0,2602,130912.0,132221.0,0.15,1.31,0.21,1.06,0.05,4.48,6.73,0.21
201,17.0,25.0,2597,250341.0,253657.0,0.04,1.43,0.03,0.98,0.03,5.0,7.29,0.5
202,15.0,50.0,2572,43265.0,44434.0,0.1,1.15,0.09,0.52,0.08,4.87,6.27,0.67
203,24.0,92.0,2563,72717.0,73878.0,0.06,1.31,0.04,1.01,0.03,4.99,4.99,0.17
204,73.0,35.0,2563,56669.0,57047.0,0.15,1.67,0.04,1.24,0.09,5.75,7.54,0.77
205,93.0,35.0,2561,113676.0,114854.0,0.19,2.1,0.07,1.06,0.05,6.04,7.46,0.14
206,10.0,6.0,2552,95358.0,96605.0,0.08,1.37,0.14,0.87,0.08,5.76,6.87,0.39
207,83.0,8.0,2551,98448.0,100193.0,0.03,1.87,0.0,0.66,0.05,6.3,7.02,0.14
208,23.0,31.0,2543,169671.0,170771.0,0.04,1.1,0.04,0.66,0.05,4.96,4.98,0.23
209,79.0,30.0,2542,123340.0,124574.0,0.2,1.46,0.06,0.96,0.04,5.78,6.4,0.09
210,72.5,87.5,2515,39274.0,39937.0,0.03,1.39,0.0,0.76,0.04,5.97,5.1,0.71
211,93.0,21.0,2514,62923.0,63428.0,0.04,1.21,0.0,0.62,0.02,6.08,6.04,0.02
212,54.0,60.0,2509,40304.0,40164.0,0.15,2.57,0.1,0.78,0.07,5.48,5.76,0.47
213,96.0,72.0,2482,102365.0,102979.0,0.1,1.18,0.03,1.45,0.07,6.37,7.37,0.44
214,79.0,27.0,2462,86894.0,87507.0,0.22,1.06,0.07,0.89,0.07,6.3,5.84,0.46
215,8.0,5.0,2456,162987.0,164554.0,0.09,1.08,0.09,1.36,0.03,5.16,7.24,0.23
216,53.0,44.0,2452,110432.0,110824.0,0.06,0.94,0.04,0.56,0.06,4.34,5.45,0.25
217,70.0,67.0,2448,80377.0,80924.0,0.1,0.99,0.17,1.55,0.11,5.65,7.78,0.19
218,20.0,82.0,2447,88418.0,89328.0,0.06,1.25,0.08,0.72,0.07,5.29,6.14,0.29
219,17.0,5.0,2440,137549.0,139256.0,0.11,1.15,0.05,1.08,0.05,6.59,6.2,0.22
220,70.0,5.0,2433,439108.0,441699.0,0.04,1.27,0.07,0.9,0.03,3.44,6.22,0.1
221,8.0,25.0,2431,31048.0,31392.0,0.25,1.59,0.14,0.54,0.07,6.25,5.47,1.17
222,20.0,25.0,2424,25335.0,24970.0,0.15,0.91,0.08,0.98,0.02,6.97,6.71,1.77
223,47.0,1.0,2422,67431.0,67938.0,0.11,0.92,0.2,1.34,0.09,5.05,7.66,0.33
224,13.0,85.0,2399,143353.0,144357.0,0.12,1.18,0.03,0.98,0.09,5.7,7.24,0.48
225,89.0,40.0,2383,79015.0,79657.0,0.25,1.08,0.2,0.99,0.06,5.13,6.97,0.47
226,85.0,20.0,2379,152657.0,153356.0,0.06,0.82,0.04,0.34,0.01,3.69,3.05,0.13
227,77.0,84.0,2378,96322.0,98133.0,0.04,1.31,0.04,1.18,0.05,5.18,6.3,0.24
228,77.0,44.0,2356,139624.0,140731.0,0.06,1.66,0.05,0.61,0.03,3.99,5.12,0.13
229,0.0,20.0,2316,68179.0,69141.0,0.05,1.28,0.03,0.9,0.02,4.53,5.43,0.13
230,28.0,71.0,2247,80084.0,81306.0,0.12,1.15,0.07,1.01,0.05,4.99,6.83,0.22
231,83.0,99.0,2241,30586.0,31282.0,0.21,1.6,0.11,0.66,0.02,5.85,4.64,0.54
232,11.0,45.0,2236,88058.0,88775.0,0.14,1.33,0.08,0.92,0.05,6.02,6.99,0.66
233,41.0,13.0,2218,106153.0,108264.0,0.07,1.58,0.02,0.75,0.07,4.39,5.91,0.39
234,95.0,35.0,2213,114209.0,115883.0,0.05,1.64,0.07,0.56,0.03,4.06,4.56,0.18
235,24.0,82.0,2199,148819.0,150097.0,0.07,1.27,0.04,0.65,0.05,5.74,4.91,0.15
236,3.0,46.0,2195,63265.0,63459.0,0.28,1.21,0.8,1.25,0.18,6.95,7.15,0.47
237,79.0,1.0,2192,99902.0,100940.0,0.1,1.14,0.03,1.14,0.06,6.49,7.4,0.19
238,70.0,80.0,2188,122206.0,123418.0,0.17,1.29,0.05,1.49,0.07,5.11,8.8,0.38
239,9.0,16.0,2181,60061.0,60848.0,0.11,1.25,0.08,0.41,0.07,4.78,5.61,0.45
240,50.0,15.0,2176,107940.0,108343.0,0.11,1.02,0.14,1.32,0.05,5.69,6.95,0.31
241,93.0,36.0,2168,63710.0,64118.0,0.13,1.52,0.07,1.24,0.05,5.89,7.66,0.66
242,34.0,6.0,2155,77042.0,77713.0,0.17,1.51,0.01,0.91,0.06,5.63,7.0,0.27
243,28.0,75.0,2145,66515.0,68303.0,0.1,1.29,0.26,0.84,0.07,5.69,8.01,0.34
244,22.0,17.0,2139,63448.0,64423.0,0.07,1.65,0.08,0.75,0.02,4.87,4.64,0.01
245,99.0,73.0,2136,313322.0,315130.0,0.09,1.48,0.01,1.56,0.03,2.73,7.01,0.02
246,29.0,90.0,2115,52998.0,53520.0,0.11,0.99,0.06,1.24,0.06,5.39,6.0,0.2
247,8.0,48.0,2111,91799.0,93053.0,0.12,1.3,0.5,0.75,0.11,5.2,6.27,0.66
248,24.0,88.0,2101,67442.0,68009.0,0.12,1.25,0.06,1.13,0.04,4.43,7.69,0.34
249,78.0,38.0,2095,20169.0,20211.0,0.1,1.48,0.06,0.58,0.02,5.44,6.09,0.56
250,94.0,50.0,2090,76747.0,77502.0,0.22,1.58,0.08,0.92,0.07,6.02,6.43,0.28
251,43.0,34.0,2074,61606.0,62324.0,0.08,1.21,0.03,0.87,0.07,4.23,6.77,0.14
252,9.0,44.0,2070,45770.0,45910.0,0.16,1.26,0.04,1.26,0.02,6.55,6.67,0.37
253,87.0,24.0,2058,183277.0,186906.0,0.06,1.23,0.03,0.91,0.04,3.67,5.57,0.05
254,43.0,39.0,2042,88407.0,89839.0,0.04,1.35,0.0,1.09,0.03,5.17,7.12,0.03
255,50.0,50.0,2036,61727.0,62399.0,0.16,1.32,0.09,1.12,0.06,6.46,6.92,0.89
256,23.0,35.0,2035,239466.0,240342.0,0.17,1.58,0.29,0.85,0.08,5.79,7.08,0.25
257,10.0,40.0,2023,129779.0,131677.0,0.14,1.3,0.08,1.14,0.11,5.57,6.88,0.52
258,93.0,99.0,2019,60830.0,61655.0,0.07,1.76,0.04,1.05,0.05,4.78,5.14,0.02
259,71.0,31.0,1999,74825.0,75081.0,0.19,1.54,0.11,1.28,0.05,5.88,7.06,0.21
260,17.0,39.0,1983,86553.0,88349.0,0.06,1.45,0.02,0.65,0.02,4.53,5.11,0.13
261,3.0,98.0,1983,67179.0,67952.0,0.28,1.33,0.68,1.03,0.13,4.84,6.56,0.3
262,65.0,93.0,1976,70085.0,70699.0,0.13,1.89,0.02,1.32,0.09,5.4,6.94,0.22
263,49.0,85.5,1969,114173.0,115571.0,0.08,1.74,0.07,1.11,0.06,4.32,6.25,0.23
264,15.0,85.0,1965,39254.0,40242.0,0.03,1.24,0.04,0.54,0.03,5.55,4.81,0.62
265,98.0,1.0,1955,85955.0,86390.0,0.08,1.63,0.03,1.2,0.03,5.38,6.46,0.48
266,99.0,47.0,1939,81416.0,82095.0,0.1,1.82,0.02,1.34,0.03,5.46,6.38,0.11
267,20.0,70.0,1913,49123.0,50028.0,0.07,0.93,0.02,0.74,0.04,5.22,5.38,0.36
268,17.0,67.0,1906,24527.0,25189.0,0.44,1.65,0.02,1.02,0.04,6.48,7.4,0.67
269,34.0,46.0,1897,162182.0,166862.0,0.07,1.22,0.05,1.07,0.11,4.72,6.35,0.27
270,71.0,99.0,1888,110611.0,112594.0,0.08,1.77,0.03,0.89,0.02,4.38,5.02,0.09
271,19.0,46.0,1885,83607.0,84506.0,0.17,1.31,0.28,1.02,0.13,5.4,7.18,0.42
272,86.0,25.0,1871,143696.0,144845.0,0.12,1.87,0.69,1.1,0.08,5.59,6.72,0.17
273,10.0,80.0,1865,95502.0,95991.0,0.06,1.15,0.08,0.98,0.04,3.8,6.36,0.06
274,2.0,56.0,1865,36116.0,36813.0,0.07,1.18,0.03,0.62,0.07,6.34,5.87,0.67
275,65.0,82.0,1833,76834.0,77769.0,0.07,1.22,0.03,1.04,0.06,4.31,7.06,0.1
276,60.0,85.0,1823,57675.0,58124.0,0.18,1.11,0.14,0.99,0.06,6.07,7.09,0.74
277,9.0,90.0,1823,25255.0,25430.0,0.03,0.91,0.11,0.82,0.09,6.44,5.72,1.21
278,50.0,30.0,1819,25993.0,26700.0,0.16,1.0,0.08,1.05,0.08,7.23,6.1,1.32
279,39.0,4.0,1815,55420.0,56441.0,0.05,1.13,0.02,0.74,0.05,4.5,5.55,0.24
280,90.0,39.0,1798,41103.0,41428.0,0.07,1.34,0.15,1.13,0.08,5.95,6.39,0.46
281,65.0,58.0,1787,47994.0,48251.0,0.09,1.33,0.02,0.76,0.12,5.82,6.49,0.43
282,60.0,97.0,1783,55431.0,56053.0,0.17,1.02,0.19,1.28,0.1,5.48,7.15,0.22
283,19.0,82.0,1775,99986.0,101523.0,0.13,1.32,0.05,0.75,0.05,4.17,6.09,0.05
284,3.0,49.0,1772,47249.0,47940.0,0.32,1.6,0.03,0.75,0.12,5.77,7.14,0.62
285,61.0,97.0,1770,57763.0,59309.0,0.16,0.77,0.32,1.01,0.04,6.17,6.03,0.88
286,23.0,89.0,1769,46504.0,46744.0,0.18,1.76,0.03,1.22,0.06,6.3,7.94,0.26
287,1.0,92.0,1768,67556.0,67881.0,0.2,1.05,0.3,1.24,0.06,5.99,6.84,0.41
288,1.0,3.0,1767,52285.0,52488.0,0.05,1.72,0.03,0.62,0.09,4.96,4.47,0.16
289,30.0,50.0,1758,169675.0,172183.0,0.1,1.22,0.08,1.43,0.04,4.57,7.31,0.19
290,40.0,83.0,1755,181762.0,184280.0,0.11,0.88,0.07,1.0,0.05,5.05,7.24,0.15
291,4.0,54.0,1748,36812.0,37113.0,0.06,1.05,0.07,0.75,0.06,6.55,6.67,0.75
292,50.0,50.0,1746,49343.0,50203.0,0.03,1.33,0.01,0.45,0.07,5.4,4.44,0.17
293,15.0,59.0,1734,84116.0,85337.0,0.06,1.21,0.06,0.89,0.03,5.01,5.16,0.4
294,0.0,3.0,1730,54226.0,54875.0,0.09,1.38,0.06,1.35,0.03,5.74,6.84,0.25
295,45.0,48.0,1729,85693.0,85984.0,0.11,1.42,0.12,0.86,0.08,5.16,7.49,0.42
296,41.0,72.0,1726,48070.0,48911.0,0.1,0.95,0.08,1.2,0.04,4.98,7.84,0.22
297,26.0,21.0,1725,76284.0,78231.0,0.08,1.75,0.05,0.79,0.09,4.85,5.54,0.33
298,67.0,83.0,1721,78563.0,80360.0,0.1,1.52,0.14,1.02,0.05,4.28,6.39,0.2
299,53.0,4.0,1720,74698.0,79426.0,0.07,0.82,0.03,0.56,0.07,3.75,3.49,0.09
300,93.0,75.0,1709,26543.0,28721.0,0.14,1.8,0.06,0.96,0.1,6.73,7.51,0.84
301,90.0,58.0,1700,110210.0,110474.0,0.06,1.14,0.05,0.83,0.04,4.73,5.7,0.2
302,91.0,1.0,1679,69350.0,73185.0,0.09,1.04,0.05,1.15,0.05,5.25,6.18,0.18
303,99.0,97.0,1676,99334.0,100642.0,0.08,1.7,0.01,1.41,0.03,5.01,6.52,0.06
304,63.0,5.0,1676,44768.0,45356.0,0.04,2.12,0.05,0.63,0.02,3.52,4.69,0.06
305,10.0,80.0,1675,97646.0,97885.0,0.15,1.1,0.18,0.9,0.08,5.33,7.08,0.33
306,41.0,51.0,1674,47166.0,47351.0,0.08,1.49,0.04,0.76,0.04,4.78,5.91,0.38
307,2.0,30.0,1663,147838.0,150207.0,0.04,0.88,0.13,1.01,0.02,4.14,6.1,0.1
308,9.0,19.0,1653,244475.0,244971.0,0.14,1.54,0.08,0.79,0.02,5.12,5.81,0.24
309,19.0,5.0,1649,69200.0,69963.0,0.1,1.17,0.1,0.96,0.09,5.13,5.49,0.3
310,17.0,0.0,1629,77853.0,78756.0,0.14,1.25,0.13,1.1,0.09,7.11,6.54,0.77
311,2.0,7.0,1607,46384.0,46906.0,0.04,1.42,0.03,0.85,0.03,4.91,5.88,0.7
312,23.0,12.0,1602,37339.0,38282.0,0.09,1.33,0.04,0.95,0.07,6.5,6.68,0.16
313,17.0,23.0,1590,52245.0,52274.0,0.04,0.96,0.06,1.16,0.09,4.8,5.81,0.4
314,10.0,70.0,1585,19435.0,19758.0,0.15,1.37,0.02,0.63,0.03,7.48,5.66,1.08
315,81.0,79.0,1561,40710.0,40878.0,0.18,1.45,0.01,0.59,0.03,4.68,6.73,0.34
316,58.0,73.0,1545,91400.0,92090.0,0.09,1.12,0.08,1.06,0.06,6.0,6.23,0.6
317,17.0,58.0,1545,73874.0,74601.0,0.04,1.35,0.04,0.86,0.07,3.64,6.5,0.32
318,77.0,98.0,1528,47940.0,48162.0,0.1,1.25,0.04,1.19,0.07,4.47,8.36,0.18
319,8.0,90.0,1522,39792.0,39245.0,0.12,1.53,0.18,0.66,0.06,5.8,5.59,0.74
320,80.0,11.0,1516,105558.0,106973.0,0.19,1.36,0.42,1.49,0.03,6.21,7.92,0.56
321,78.0,10.0,1507,184810.0,187574.0,0.14,1.07,0.1,0.8,0.05,4.99,6.55,0.04
322,77.0,32.0,1505,65702.0,67333.0,0.08,1.36,0.01,0.66,0.03,3.95,7.04,0.12
323,50.0,15.0,1497,47542.0,49066.0,0.28,1.17,0.01,0.77,0.02,4.65,5.07,0.09
324,24.0,25.0,1492,37559.0,37910.0,0.22,1.2,0.63,0.93,0.16,6.41,6.45,0.39
325,67.0,7.0,1485,35823.0,35847.0,0.24,1.62,0.24,0.49,0.1,7.24,6.53,0.78
326,8.0,40.0,1482,21402.0,21723.0,0.19,1.4,0.3,0.89,0.19,7.46,5.74,1.43
327,4.0,25.0,1479,28946.0,29249.0,0.04,0.96,0.03,1.09,0.02,5.45,6.47,0.53
328,85.0,15.0,1475,120146.0,121384.0,0.08,1.51,0.01,1.02,0.03,5.66,6.32,0.1
329,58.0,36.0,1469,43763.0,44044.0,0.25,1.35,0.14,1.07,0.13,5.96,7.46,0.15
330,1.0,58.0,1464,55727.0,56211.0,0.05,1.02,0.08,1.41,0.06,5.68,6.71,0.54
331,74.0,63.0,1462,34424.0,35156.0,0.18,1.22,0.03,1.13,0.01,5.85,7.45,0.61
332,53.0,50.0,1442,51943.0,52551.0,0.05,1.29,0.05,0.6,0.04,5.15,5.59,0.55
333,70.0,58.0,1436,130619.0,131000.0,0.06,1.31,0.02,0.53,0.08,4.65,5.75,0.48
334,2.0,7.0,1436,41392.0,41821.0,0.04,1.5,0.02,1.11,0.06,4.04,6.66,0.32
335,46.0,85.0,1424,84553.0,85109.0,0.1,1.32,0.06,0.97,0.02,5.77,5.05,0.22
336,71.0,10.0,1422,48244.0,49727.0,0.08,1.52,0.06,0.75,0.02,5.31,6.29,0.47
337,70.0,50.0,1396,63995.0,64532.0,0.06,1.68,0.02,1.06,0.04,5.14,4.34,0.05
338,50.0,63.0,1390,24780.0,25234.0,0.17,1.01,0.03,0.99,0.07,6.69,5.83,0.52
339,3.0,94.0,1385,22447.0,22744.0,0.07,1.31,0.15,0.59,0.06,6.49,5.55,1.51
340,13.0,72.0,1380,11226.0,11334.0,0.31,1.46,0.07,0.48,0.16,8.98,6.9,0.79
341,29.0,5.0,1376,66819.0,67663.0,0.11,1.1,0.1,0.7,0.04,4.41,6.71,0.28
342,79.0,74.0,1372,35936.0,36389.0,0.09,1.28,0.19,1.06,0.02,4.77,6.53,0.37
343,54.0,95.0,1370,18962.0,19094.0,0.11,1.17,0.1,1.01,0.05,6.1,6.32,0.94
344,1.0,47.0,1364,61204.0,62389.0,0.1,1.41,0.06,0.89,0.04,4.34,6.66,0.28
345,75.0,7.0,1359,39141.0,39899.0,0.1,1.44,0.09,1.46,0.07,6.28,8.53,0.8
346,31.0,15.0,1356,86756.0,87546.0,0.09,1.08,0.07,0.84,0.03,4.96,5.52,0.14
347,41.0,58.0,1354,65289.0,67102.0,0.03,0.92,0.03,1.0,0.03,4.27,5.88,0.14
348,80.0,78.0,1348,67136.0,67949.0,0.08,1.67,0.01,1.21,0.04,4.96,6.44,0.11
349,50.0,85.0,1340,71951.0,72509.0,0.16,1.3,0.08,0.9,0.11,5.29,6.54,0.37
350,70.0,54.0,1332,51349.0,52080.0,0.51,1.76,0.05,1.59,0.07,8.82,8.53,0.41
351,84.0,62.0,1331,27984.0,28241.0,0.08,1.4,0.1,0.91,0.04,6.31,6.1,1.14
352,17.0,9.0,1317,39245.0,39420.0,0.21,1.55,0.05,1.0,0.12,5.63,5.96,0.02
353,53.0,32.0,1314,36421.0,36928.0,0.1,0.92,0.12,1.18,0.06,5.55,6.43,0.51
354,55.0,87.0,1311,37198.0,38676.0,0.05,1.06,0.03,1.01,0.03,4.96,6.59,0.35
355,6.0,36.0,1309,146449.0,148565.0,0.05,1.41,0.05,0.86,0.04,4.72,5.75,0.38
356,91.0,40.0,1308,62194.0,62372.0,0.1,1.43,0.26,0.98,0.07,5.81,7.08,0.02
357,65.0,76.0,1306,50223.0,50355.0,0.1,1.39,0.01,1.11,0.07,6.45,7.36,0.34
358,3.0,77.0,1270,22697.0,22805.0,0.5,1.58,0.29,1.23,0.11,7.87,7.46,0.38
359,44.0,48.0,1269,35089.0,35466.0,0.11,1.62,0.02,0.67,0.06,5.37,6.47,0.23
360,58.0,11.0,1257,64402.0,64776.0,0.2,1.2,0.74,1.11,0.1,5.71,8.49,0.38
361,0.0,88.0,1247,28411.0,28950.0,0.07,0.7,0.05,0.25,0.08,3.61,2.7,0.38
362,4.0,1.0,1244,77399.0,78792.0,0.02,0.97,0.01,0.73,0.06,5.29,5.97,0.15
363,82.0,49.0,1244,30874.0,30830.0,0.18,0.66,0.04,1.19,0.08,6.36,6.08,0.11
364,29.0,73.0,1243,29362.0,29464.0,0.2,1.65,0.03,0.93,0.14,7.16,6.56,0.72
365,17.0,25.0,1236,34334.0,34617.0,0.06,1.44,0.05,0.88,0.03,5.02,6.49,0.08
366,0.0,13.0,1235,85099.0,85581.0,0.07,1.3,0.17,1.18,0.07,5.09,7.02,0.02
367,28.0,49.0,1235,73243.0,73882.0,0.04,1.24,0.03,0.71,0.04,4.68,5.28,0.29
368,65.0,98.0,1233,27914.0,27704.0,0.14,1.88,0.08,1.01,0.08,7.02,7.09,0.34
369,61.0,20.0,1232,47966.0,48843.0,0.08,1.11,0.11,1.38,0.06,5.2,7.68,0.28
370,25.0,92.0,1232,38164.0,38194.0,0.08,1.87,0.02,1.01,0.02,4.66,6.23,0.34
371,71.0,41.0,1231,19785.0,19912.0,0.11,1.11,0.02,0.63,0.03,6.49,5.58,0.89
372,28.0,98.0,1230,37278.0,37717.0,0.1,1.68,0.05,0.45,0.02,4.61,4.66,0.04
373,11.0,64.0,1227,72753.0,73284.0,0.03,1.12,0.1,1.03,0.03,5.62,7.18,0.19
374,65.0,58.0,1209,103512.0,104870.0,0.07,0.91,0.06,0.96,0.04,5.21,5.9,0.12
375,58.0,92.0,1209,39820.0,40112.0,0.03,0.96,0.04,0.7,0.03,4.01,5.63,0.57
376,3.0,5.0,1208,72097.0,72766.0,0.03,0.97,0.01,1.43,0.03,4.22,6.68,0.13
377,54.0,77.0,1206,35170.0,35202.0,0.06,1.48,0.01,0.7,0.04,5.75,7.05,0.01
378,55.0,63.0,1205,26249.0,26546.0,0.12,1.02,0.03,1.03,0.05,6.38,6.78,0.41
379,0.0,0.0,1204,23072.0,23413.0,0.06,1.5,0.02,0.65,0.02,4.89,6.54,0.12
380,34.0,18.0,1199,55398.0,55979.0,0.08,1.4,0.14,0.66,0.07,4.75,5.81,0.35
381,1.0,95.0,1191,26229.0,26656.0,0.11,0.98,0.03,1.13,0.05,5.24,7.09,0.44
382,85.0,50.0,1186,32749.0,33691.0,0.13,1.18,0.05,1.1,0.04,5.25,6.99,0.3
383,2.0,73.0,1177,28111.0,28282.0,0.07,0.75,0.08,0.56,0.04,4.01,3.89,0.93
384,12.0,98.0,1177,23513.0,23830.0,0.08,1.36,0.11,2.06,0.05,5.77,6.43,0.08
385,50.0,15.0,1175,46476.0,46787.0,0.1,1.06,0.05,0.74,0.03,5.49,5.77,0.58
386,17.0,7.0,1174,26136.0,26574.0,0.03,1.38,0.02,0.97,0.04,4.13,6.16,0.35
387,78.0,38.0,1173,64966.0,66723.0,0.15,0.9,0.03,1.25,0.05,5.87,6.64,0.05
388,41.0,58.0,1171,75519.0,76071.0,0.06,1.19,0.03,0.85,0.04,5.3,5.75,0.3
389,70.0,95.0,1167,18064.0,18300.0,0.11,1.38,0.02,0.98,0.01,10.42,8.36,0.09
390,87.0,47.0,1164,21750.0,21835.0,0.08,1.76,0.04,0.77,0.08,6.51,6.81,0.45
391,28.0,36.0,1155,21638.0,22135.0,0.13,1.41,0.12,0.77,0.05,6.01,5.21,0.98
392,54.0,85.0,1152,22360.0,22632.0,0.42,1.11,0.88,0.84,0.08,8.1,6.08,0.94
393,8.0,67.0,1138,32738.0,33338.0,0.08,1.2,0.02,1.37,0.02,6.13,5.25,0.16
394,6.0,95.0,1131,32946.0,33019.0,0.08,1.33,0.02,0.9,0.08,6.74,7.32,0.84
395,40.0,90.0,1130,41509.0,41695.0,0.18,1.23,0.09,1.21,0.06,6.01,6.65,0.37
396,45.0,1.0,1123,62246.0,63055.0,0.13,0.87,0.99,1.3,0.13,4.03,8.35,0.49
397,65.0,73.0,1116,77633.0,78788.0,0.15,1.68,0.18,0.84,0.14,5.44,6.6,0.28
398,61.5,74.0,1107,81804.0,82329.0,0.26,1.38,0.93,1.16,0.15,6.23,7.26,0.47
399,2.0,42.0,1107,19811.0,20024.0,0.15,1.29,0.04,0.76,0.05,5.29,6.31,0.42
400,30.0,50.0,1097,20099.0,20311.0,0.04,0.67,0.09,0.56,0.04,3.77,5.69,0.22
401,96.0,1.0,1091,50747.0,50866.0,0.08,2.32,0.2,0.92,0.03,5.26,5.95,0.34
402,34.0,58.0,1082,85933.0,86760.0,0.11,1.0,0.08,0.85,0.07,4.58,6.63,0.39
403,99.0,0.0,1082,81740.0,83051.0,0.11,1.3,0.04,0.69,0.04,4.37,5.7,0.43
404,8.0,32.0,1082,38228.0,38745.0,0.09,1.21,0.67,0.49,0.04,4.57,5.26,0.11
405,34.0,13.0,1081,77625.0,77309.0,0.06,0.77,0.14,1.07,0.03,4.86,5.42,0.25
406,54.0,37.0,1081,46440.0,46890.0,0.08,1.17,0.02,0.94,0.08,4.48,7.11,0.22
407,45.0,88.0,1081,18334.0,18425.0,0.26,1.76,0.08,0.74,0.06,8.78,5.95,0.64
408,5.0,54.0,1068,37111.0,37615.0,0.15,1.1,0.22,1.08,0.09,6.2,7.27,0.86
409,45.0,92.0,1064,14538.0,14944.0,0.06,2.09,0.03,0.7,0.09,5.33,6.04,0.48
410,50.0,5.0,1058,51521.0,52496.0,0.14,1.14,0.15,1.44,0.07,5.51,8.42,0.3
411,89.0,97.0,1058,47770.0,48375.0,0.18,1.21,0.12,0.93,0.09,5.53,6.27,0.11
412,20.0,50.0,1058,26496.0,26866.0,0.04,1.59,0.0,0.71,0.02,4.22,5.18,0.12
413,86.0,62.0,1055,64261.0,64874.0,0.05,1.78,0.1,0.77,0.04,4.57,5.33,0.12
414,39.0,88.0,1054,55977.0,56589.0,0.08,2.8,0.06,0.9,0.08,5.78,5.32,0.28
415,2.0,38.0,1052,35868.0,36641.0,0.07,1.35,0.05,1.6,0.13,3.97,7.64,0.17
416,6.0,6.0,1050,50389.0,51005.0,0.06,1.11,0.01,0.93,0.09,3.93,6.89,0.24
417,1.0,52.0,1048,54075.0,54546.0,0.1,1.02,0.03,0.9,0.1,5.25,7.16,0.12
418,28.0,82.0,1047,26055.0,26105.0,0.09,1.23,0.01,1.19,0.02,6.8,6.26,0.96
419,99.0,99.0,1044,36098.0,36232.0,0.06,1.83,0.03,1.08,0.01,4.89,5.51,0.04
420,9.0,66.0,1042,33144.0,33275.0,0.07,1.18,0.05,1.29,0.07,4.87,6.43,0.11
421,93.0,69.0,1039,41264.0,42444.0,0.05,0.7,0.02,0.41,0.01,3.25,3.05,0.2
422,64.0,58.0,1038,41125.0,41166.0,0.07,1.34,0.12,0.79,0.05,4.3,5.53,0.26
423,0.0,82.0,1035,49614.0,49998.0,0.05,1.6,0.07,1.0,0.04,4.57,5.99,0.22
424,65.0,67.0,1035,40445.0,41296.0,0.1,1.17,0.04,0.66,0.03,5.2,5.52,0.45
425,2.0,64.0,1026,29251.0,29600.0,0.09,1.5,0.05,0.49,0.05,5.06,5.54,0.52
426,89.0,92.0,1025,90653.0,91462.0,0.1,1.55,0.16,1.2,0.08,4.95,6.93,0.07
427,15.0,13.0,1025,11456.0,11589.0,0.15,1.08,0.02,0.48,0.03,6.17,6.02,0.54
428,88.0,89.0,1020,18490.0,18707.0,0.1,1.73,0.02,1.21,0.06,5.89,6.36,0.25
429,70.0,9.0,1019,36086.0,36730.0,0.04,0.92,0.04,1.02,0.06,3.99,6.58,0.12
430,65.0,93.0,1018,78329.0,78822.0,0.11,1.45,0.11,1.23,0.05,6.08,5.47,0.12
431,74.0,95.0,1006,23415.0,23838.0,0.22,1.39,0.08,1.41,0.05,6.26,8.38,0.24
432,5.0,75.0,1000,30525.0,30677.0,0.23,1.38,0.34,0.97,0.1,7.27,6.46,0.47
433,76.0,85.0,993,52931.0,54315.0,0.12,1.23,0.03,1.15,0.04,4.53,8.42,0.31
434,70.0,29.0,992,47526.0,47944.0,0.04,1.32,0.12,1.1,0.07,4.76,7.04,0.19
435,23.0,3.0,989,38672.0,39174.0,0.21,1.41,0.04,0.66,0.03,7.4,5.92,1.0
436,54.0,5.0,975,25686.0,25983.0,0.11,1.29,0.23,1.87,0.08,5.34,7.46,0.45
437,7.0,44.0,973,47690.0,48534.0,0.07,1.23,0.1,0.95,0.02,4.13,5.82,0.29
438,32.0,59.0,972,63818.0,64601.0,0.06,1.14,0.12,0.91,0.01,5.13,5.47,0.21
439,34.0,96.0,967,18111.0,18226.0,0.16,1.59,0.08,1.13,0.06,7.97,6.74,0.51
440,26.0,19.0,966,29929.0,30273.0,0.56,0.99,0.02,0.69,0.02,6.7,5.62,0.52
441,1.0,43.0,964,20875.0,21188.0,0.1,1.13,0.05,0.72,0.01,4.71,5.35,0.78
442,29.0,67.0,958,35722.0,36253.0,0.16,1.58,0.01,1.11,0.05,5.21,7.8,0.06
443,9.0,25.0,955,61577.0,62781.0,0.15,1.34,0.07,0.99,0.06,4.17,7.12,0.08
444,25.0,20.0,950,13232.0,13377.0,0.09,0.98,0.09,1.15,0.01,6.25,6.04,0.81
445,8.0,98.0,949,30620.0,30937.0,0.49,0.95,0.09,0.8,0.03,6.75,5.88,0.07
446,50.0,97.0,949,21429.0,21733.0,0.33,1.41,0.01,1.3,0.1,7.32,7.76,0.53
447,8.0,5.0,948,25242.0,25604.0,0.06,1.69,0.02,0.75,0.02,5.73,6.23,0.11
448,18.0,50.0,944,25099.0,25356.0,0.1,1.04,0.06,1.01,0.12,5.28,7.19,0.29
449,81.0,32.0,935,30390.0,30359.0,0.13,1.31,0.05,1.24,0.14,6.13,6.72,0.65
450,6.0,92.0,931,38597.0,38949.0,0.12,1.21,0.15,1.1,0.04,5.63,7.24,0.7
451,34.0,27.0,931,29854.0,30045.0,0.23,1.07,0.08,1.17,0.12,7.05,6.57,0.6
452,21.0,21.0,926,147295.0,148534.0,0.07,1.19,0.1,0.74,0.06,3.82,5.85,0.17
453,57.0,0.0,923,64669.0,64907.0,0.11,1.79,0.09,0.51,0.14,6.43,5.35,0.11
454,35.0,80.0,920,58336.0,59628.0,0.07,1.3,0.1,0.78,0.04,4.36,6.46,0.19
455,24.0,1.0,912,101151.0,101522.0,0.04,1.02,0.05,1.31,0.02,4.64,7.02,0.06
456,34.0,19.0,908,28475.0,28674.0,0.07,1.32,0.03,0.89,0.08,5.88,7.56,1.05
457,23.0,43.0,908,17434.0,17982.0,0.07,1.47,0.05,0.77,0.04,6.56,4.29,1.46
458,76.0,68.5,903,31154.0,31265.0,0.16,1.46,0.1,1.07,0.04,5.85,7.19,0.3
459,89.0,67.0,898,16565.0,16505.0,0.16,1.74,0.02,1.04,0.02,5.3,6.03,0.58
460,54.0,36.0,894,13817.0,13893.0,0.15,1.07,0.1,0.71,0.08,6.11,5.78,0.58
461,65.0,90.0,886,25083.0,25346.0,0.14,1.63,0.02,0.88,0.02,6.49,6.55,0.1
462,81.0,63.0,886,12955.0,13277.0,0.07,1.2,0.11,1.07,0.05,4.65,6.27,0.05
463,0.0,0.0,884,72847.0,75679.0,0.08,1.46,0.16,0.85,0.08,4.44,6.41,0.19
464,2.0,22.0,883,97582.0,100033.0,0.05,1.21,0.13,1.15,0.07,4.26,6.01,0.25
465,17.0,4.0,875,27899.0,28556.0,0.14,1.01,0.11,1.27,0.13,5.54,7.47,0.08
466,77.0,86.0,874,42539.0,42745.0,0.07,1.32,0.05,0.93,0.07,4.6,6.78,0.03
467,14.0,82.0,868,70055.0,70933.0,0.07,1.1,0.3,0.74,0.04,4.39,5.58,0.05
468,65.0,11.0,866,29009.0,29146.0,0.07,1.54,0.03,0.78,0.03,4.56,5.3,0.27
469,85.0,53.0,864,65931.0,66174.0,0.07,1.95,0.09,0.65,0.05,5.39,5.18,0.08
470,20.0,90.0,864,51528.0,52383.0,0.05,1.55,0.02,0.74,0.06,3.4,6.07,0.09
471,29.0,98.0,864,13171.0,13220.0,0.33,1.51,0.05,1.85,0.07,7.53,8.4,0.34
472,6.0,9.0,861,51993.0,52783.0,0.1,1.24,0.05,1.33,0.08,4.97,6.96,0.17
473,19.0,68.0,861,9032.0,9243.0,0.36,1.66,0.02,0.95,0.08,8.06,6.88,0.45
474,28.0,9.0,860,18729.0,18942.0,0.16,0.9,0.03,1.05,0.14,7.05,6.75,1.37
475,12.0,93.0,856,38498.0,38981.0,0.18,1.17,0.06,0.99,0.06,4.87,6.3,0.36
476,17.0,5.0,852,30426.0,30803.0,0.21,1.66,0.1,1.05,0.11,6.5,7.27,0.19
477,70.0,10.0,850,54626.0,55134.0,0.08,1.25,0.03,1.23,0.03,3.57,7.65,0.04
478,8.0,95.0,849,24472.0,24849.0,0.18,1.88,0.04,1.29,0.06,6.15,6.49,0.44
479,21.0,13.0,848,33084.0,33513.0,0.08,1.07,0.14,1.03,0.13,6.42,6.73,0.69
480,54.0,50.0,846,23868.0,24000.0,0.06,1.0,0.02,0.78,0.01,5.7,5.66,0.1
481,26.0,47.0,843,21557.0,21704.0,0.18,1.56,0.18,0.96,0.12,5.92,6.65,0.37
482,25.0,75.0,843,20412.0,20488.0,0.08,1.24,0.12,0.78,0.07,6.27,5.66,0.63
483,79.0,70.0,841,37379.0,37712.0,0.26,0.88,0.18,2.11,0.07,8.02,7.57,0.93
484,1.0,6.0,840,16762.0,17187.0,0.19,1.89,0.03,0.67,0.02,7.66,5.88,1.54
485,22.0,7.0,837,18583.0,18754.0,0.08,1.06,0.02,0.77,0.06,5.5,5.58,0.77
486,29.0,9.0,833,34134.0,34470.0,0.08,1.44,0.01,1.08,0.02,5.49,6.44,0.12
487,2.0,86.0,830,46812.0,47288.0,0.05,1.13,0.0,0.72,0.04,4.73,6.57,0.11
488,30.0,70.0,827,48920.0,48977.0,0.14,1.35,0.09,1.02,0.08,5.01,7.27,0.22
489,8.0,88.0,827,38506.0,38631.0,0.08,1.24,0.05,1.07,0.1,6.95,5.82,0.77
490,1.0,18.0,821,48444.0,48597.0,0.17,1.33,0.1,0.92,0.12,5.7,7.16,0.43
491,91.0,44.0,817,13909.0,14340.0,0.2,1.53,0.02,1.04,0.03,9.04,6.93,1.69
492,81.0,44.0,815,42224.0,42253.0,0.04,1.31,0.06,1.38,0.02,4.54,7.48,0.04
493,9.0,4.0,809,13876.0,13984.0,0.14,1.77,0.11,0.43,0.29,5.89,6.38,0.76
494,60.0,40.0,804,62577.0,62934.0,0.08,1.31,0.09,1.22,0.07,5.89,7.37,0.21
495,4.0,8.0,800,9117.0,9350.0,0.14,1.27,0.02,0.6,0.06,7.23,6.01,0.91
496,85.0,85.0,799,18405.0,18877.0,0.33,1.94,0.05,1.11,0.11,8.81,8.11,0.51
497,8.0,49.0,798,16944.0,17239.0,0.14,1.26,0.01,1.5,0.08,6.41,7.0,1.1
498,51.5,65.0,793,24381.0,24704.0,0.29,1.21,0.08,1.42,0.06,6.16,7.55,0.28
499,65.0,4.0,792,86902.0,88242.0,0.08,0.88,0.05,1.8,0.05,5.36,6.93,0.25
500,0.0,80.0,788,42455.0,43028.0,0.1,1.36,0.07,0.86,0.04,4.41,6.58,0.32
501,14.0,8.0,788,21769.0,22082.0,0.07,1.17,0.06,1.06,0.05,4.57,6.96,0.21
502,14.0,19.0,787,19234.0,19498.0,0.14,0.93,0.11,0.96,0.16,5.7,6.42,0.8
503,11.0,98.0,785,21135.0,21464.0,0.05,0.33,0.01,0.27,0.0,2.53,1.72,0.29
504,86.0,70.0,783,29990.0,30198.0,0.23,1.53,0.04,0.83,0.08,8.2,6.47,0.42
505,50.0,32.0,781,28388.0,28497.0,0.1,1.31,0.13,1.05,0.03,5.81,6.46,0.11
506,24.0,23.0,770,29874.0,30661.0,0.09,1.05,0.04,1.14,0.04,5.38,6.62,0.35
507,1.0,78.0,770,12367.0,12505.0,0.02,0.82,0.05,1.09,0.02,5.72,6.92,0.53
508,6.0,0.0,767,9084.0,9157.0,0.04,1.14,0.09,0.74,0.05,6.75,5.88,0.84
509,60.0,89.0,762,36261.0,36673.0,0.17,1.66,0.04,0.67,0.06,6.57,6.79,0.57
510,21.0,5.0,752,55505.0,55851.0,0.13,1.07,0.12,1.17,0.06,5.66,6.38,0.03
511,15.0,36.0,752,27718.0,27758.0,0.1,0.78,0.09,0.93,0.04,5.83,5.68,0.43
512,74.0,87.0,751,43788.0,44454.0,0.1,1.45,0.09,1.0,0.04,5.58,7.0,0.14
513,52.0,31.0,740,36480.0,36714.0,0.05,1.09,0.08,0.87,0.06,5.5,5.71,0.37
514,19.0,43.0,738,15837.0,15985.0,0.13,1.39,0.05,1.17,0.03,6.76,5.99,0.18
515,0.0,2.0,737,20931.0,21031.0,0.06,1.72,0.05,1.37,0.05,7.13,6.47,0.75
516,38.0,86.0,736,43504.0,44037.0,0.22,1.12,0.3,1.31,0.13,4.77,7.76,0.24
517,8.0,29.0,735,21780.0,21879.0,0.07,1.12,0.08,0.89,0.04,5.23,6.13,0.12
518,4.0,3.0,734,33095.0,33577.0,0.07,0.99,0.09,1.08,0.09,6.57,6.27,0.63
519,50.0,47.0,733,40812.0,40878.0,0.04,0.95,0.02,0.89,0.02,4.23,4.84,0.08
520,96.0,92.0,730,23680.0,24409.0,0.23,1.52,0.11,1.61,0.04,5.56,8.94,0.1
521,10.0,70.0,729,29361.0,29706.0,0.08,0.45,0.07,0.21,0.04,1.91,2.48,0.1
522,5.0,19.0,729,19800.0,19978.0,0.13,1.38,0.19,1.02,0.18,6.6,6.31,0.45
523,45.0,76.0,729,16818.0,16950.0,0.09,1.27,0.13,0.95,0.04,5.28,5.95,0.25
524,93.0,80.0,720,27038.0,27278.0,0.07,1.5,0.03,1.16,0.02,5.44,6.87,0.29
525,97.0,9.0,716,67935.0,69327.0,0.1,1.33,0.0,0.72,0.02,6.51,5.74,0.77
526,90.0,99.0,715,10500.0,10505.0,0.05,1.44,0.01,1.06,0.03,6.45,6.04,0.66
527,7.0,84.0,712,36204.0,36635.0,0.05,1.37,0.02,1.42,0.02,6.56,6.69,0.05
528,9.0,4.0,711,11601.0,11874.0,0.04,1.57,0.0,1.25,0.15,5.52,8.08,0.27
529,28.0,59.0,701,27624.0,27628.0,0.16,1.51,0.09,1.07,0.07,5.61,6.59,0.5
530,2.0,23.0,695,35625.0,35816.0,0.04,1.73,0.06,0.64,0.07,5.01,5.26,0.47
531,73.0,61.0,694,16467.0,16813.0,0.05,1.33,0.02,1.02,0.04,5.47,6.28,0.42
532,15.0,27.0,692,28317.0,28628.0,0.15,1.76,0.27,0.67,0.04,5.12,6.04,0.02
533,73.0,85.0,692,21560.0,21738.0,0.12,1.34,0.04,1.15,0.03,6.23,7.13,0.3
534,34.0,82.0,682,50493.0,51307.0,0.11,1.52,0.02,0.51,0.1,3.52,6.22,0.02
535,39.0,45.0,675,44154.0,44420.0,0.42,1.51,0.06,0.98,0.08,6.58,7.69,0.26
536,40.0,44.0,673,14625.0,14854.0,0.08,1.06,0.18,1.54,0.25,6.33,7.47,0.67
537,70.0,40.0,669,24387.0,24832.0,0.05,1.12,0.01,1.1,0.09,5.08,6.53,0.22
538,0.0,79.0,668,42868.0,43059.0,0.05,1.2,0.13,1.57,0.08,4.69,9.15,0.08
539,31.0,86.0,667,25203.0,25410.0,0.12,1.2,0.15,0.9,0.02,4.6,5.75,0.17
540,14.0,93.0,667,14769.0,14874.0,0.37,1.34,0.26,1.28,0.28,7.73,8.61,1.18
541,74.0,58.0,662,10548.0,10605.0,0.02,2.07,0.03,0.8,0.02,4.69,5.26,0.73
542,1.0,3.0,659,19419.0,19635.0,0.03,1.25,0.12,0.78,0.04,4.74,5.62,0.1
543,86.0,67.0,655,53508.0,54016.0,0.15,1.11,0.18,0.64,0.05,5.99,6.97,0.2
544,95.0,2.0,653,84353.0,85371.0,0.05,1.0,0.05,0.93,0.04,4.75,6.0,0.08
545,4.0,0.0,653,30147.0,30500.0,0.05,1.45,0.04,1.35,0.02,4.96,7.12,0.44
546,52.0,81.0,651,32431.0,32850.0,0.08,0.89,0.04,1.33,0.06,4.12,7.51,0.08
547,18.0,14.0,646,44117.0,44494.0,0.13,0.9,0.02,0.71,0.01,5.57,4.73,0.03
548,5.0,30.0,645,22575.0,22710.0,0.07,1.48,0.11,0.76,0.06,5.12,4.97,0.43
549,99.0,96.0,644,30119.0,30786.0,0.31,1.73,0.14,0.78,0.06,5.92,6.97,0.04
550,24.0,35.0,639,51217.0,52890.0,0.1,0.94,0.06,1.07,0.06,5.04,6.18,0.29
551,70.0,3.0,638,44535.0,44728.0,0.05,1.0,0.06,1.09,0.03,5.01,5.38,0.11
552,34.0,7.0,633,24050.0,24331.0,0.05,1.09,0.05,1.08,0.0,4.96,6.13,0.32
553,26.0,92.0,633,24416.0,24463.0,0.31,1.59,0.19,0.7,0.07,5.74,6.52,0.13
554,65.0,96.0,631,16595.0,17295.0,0.16,1.72,0.1,0.69,0.02,5.31,6.86,0.2
555,12.0,81.0,630,32504.0,32964.0,0.07,1.31,0.02,1.31,0.08,4.88,8.15,0.1
556,85.0,15.0,630,11212.0,11387.0,0.08,1.29,0.02,0.68,0.02,4.96,5.73,0.32
557,50.0,43.0,628,12327.0,12408.0,0.07,1.36,0.02,0.52,0.04,4.5,6.67,0.81
558,22.0,91.0,627,32778.0,32945.0,0.06,1.17,0.02,1.04,0.05,6.03,7.08,0.31
559,60.0,70.0,625,27700.0,28043.0,0.1,1.19,0.03,1.11,0.07,4.52,7.2,0.06
560,36.0,0.0,624,25667.0,26081.0,0.12,1.45,0.17,1.15,0.07,5.05,7.23,0.52
561,82.0,91.0,621,54487.0,54892.0,0.06,1.02,0.11,1.15,0.05,5.08,5.79,0.28
562,34.0,29.0,621,17517.0,17935.0,0.02,0.82,0.04,0.43,0.04,4.94,6.41,0.3
563,70.0,63.0,618,30918.0,30828.0,0.21,1.51,0.15,1.06,0.04,6.5,7.89,0.18
564,84.0,33.0,613,13187.0,13291.0,0.06,1.2,0.01,1.11,0.04,3.93,7.08,0.2
565,24.0,44.0,613,11378.0,11522.0,0.05,1.11,0.01,0.6,0.01,4.45,6.54,0.08
566,11.0,54.0,611,14162.0,14570.0,0.07,1.17,0.13,1.32,0.22,6.41,7.9,0.97
567,56.0,68.0,610,33050.0,33106.0,0.12,1.37,0.1,0.82,0.03,6.28,5.32,0.14
568,50.0,84.0,606,30246.0,30547.0,0.07,1.18,0.09,1.03,0.03,4.09,6.11,0.2
569,89.0,97.0,604,28891.0,28995.0,0.15,1.06,0.16,0.82,0.06,4.66,7.02,0.44
570,53.0,65.0,599,14739.0,14980.0,0.17,1.21,0.04,0.9,0.02,5.37,6.44,0.22
571,65.0,87.0,598,11340.0,11411.0,0.08,1.6,0.09,1.11,0.04,5.71,7.77,0.51
572,17.0,34.0,597,14103.0,14270.0,0.06,1.35,0.08,1.04,0.02,6.64,6.19,0.46
573,89.0,48.0,597,15260.0,15571.0,0.15,1.53,0.0,1.25,0.03,5.3,7.09,0.14
574,17.0,5.0,593,11570.0,11766.0,0.09,0.65,0.42,1.41,0.04,4.29,7.5,0.38
575,89.0,9.0,593,5535.0,5505.0,0.2,1.65,0.05,0.49,0.05,5.9,6.32,0.07
576,15.0,92.0,592,26867.0,27964.0,0.1,1.52,0.03,0.68,0.1,4.35,5.18,0.12
577,19.0,90.0,591,85892.0,86559.0,0.13,1.17,0.02,1.23,0.07,4.91,6.57,0.03
578,59.0,43.0,590,33496.0,33742.0,0.13,1.19,0.09,1.2,0.07,6.03,6.71,0.1
579,64.0,58.0,590,4173.0,4192.0,0.31,1.05,0.02,0.64,0.07,7.51,5.8,0.38
580,29.0,80.0,589,32575.0,32773.0,0.05,0.94,0.04,0.98,0.08,6.21,6.56,0.73
581,3.0,92.0,587,67311.0,66938.0,0.05,1.35,0.13,1.4,0.04,4.83,7.29,0.32
582,32.0,59.0,583,33063.0,33482.0,0.14,1.46,0.12,1.22,0.04,5.46,7.21,0.14
583,85.0,95.0,582,66660.0,67719.0,0.04,1.51,0.04,1.06,0.04,4.84,7.24,0.28
584,50.0,15.0,581,23301.0,23781.0,0.13,1.14,0.01,1.01,0.08,6.37,6.56,0.08
585,18.0,93.0,581,19300.0,19454.0,0.16,1.3,0.07,1.0,0.05,4.79,6.16,0.35
586,50.0,85.0,573,19301.0,19467.0,0.06,1.63,0.04,0.9,0.04,4.23,6.06,0.26
587,9.0,80.0,572,39584.0,40079.0,0.18,1.17,0.07,0.92,0.08,5.45,6.55,0.02
588,74.0,84.0,571,70953.0,71197.0,0.14,2.08,0.05,0.96,0.05,6.23,6.61,0.06
589,32.0,10.0,568,22937.0,23354.0,0.05,0.66,0.12,1.3,0.03,5.62,6.65,0.42
590,26.0,54.0,566,26776.0,27128.0,0.27,1.19,0.17,1.27,0.08,5.98,7.49,0.17
591,29.0,16.0,565,49237.0,49676.0,0.12,1.78,0.22,1.1,0.07,6.07,6.81,0.14
592,40.0,1.0,562,36391.0,37467.0,0.47,0.92,0.04,1.23,0.09,6.35,6.02,0.33
593,4.0,16.0,560,32435.0,32577.0,0.09,1.5,0.39,1.79,0.14,5.09,8.2,0.78
594,65.0,61.0,559,12926.0,13008.0,0.18,1.27,0.08,1.05,0.05,5.7,7.64,0.39
595,50.0,50.0,557,18216.0,18377.0,0.32,1.43,0.03,1.19,0.11,5.48,6.51,0.19
596,93.0,46.0,555,20334.0,20481.0,0.09,1.76,0.12,0.77,0.02,5.53,5.07,0.37
597,27.0,19.0,553,7335.0,7380.0,0.07,1.57,0.03,0.92,0.04,6.08,6.03,1.19
598,34.0,4.0,550,13401.0,13586.0,0.09,1.41,0.01,0.9,0.06,5.72,7.41,0.32
599,34.0,40.0,546,23454.0,23527.0,0.06,1.14,0.06,1.26,0.03,5.0,7.0,0.36
600,50.0,40.0,543,36985.0,37393.0,0.11,1.5,0.02,1.13,0.08,5.26,7.53,0.15
601,30.0,70.0,541,16851.0,17463.0,0.44,1.54,0.07,1.05,0.02,4.4,6.29,0.16
602,8.0,97.0,527,12086.0,12131.0,0.17,1.51,0.59,0.68,0.07,5.62,5.32,0.49
603,26.0,80.0,524,22279.0,22467.0,0.28,0.95,0.06,1.3,0.03,5.87,7.95,0.53
604,70.0,43.0,522,33015.0,33845.0,0.07,1.13,0.07,1.0,0.01,4.7,5.99,0.28
605,26.0,29.0,520,19906.0,20005.0,0.08,1.01,0.02,1.02,0.05,6.05,5.89,0.49
606,85.0,85.0,519,16739.0,16925.0,0.06,0.88,0.06,0.7,0.01,3.03,4.43,0.07
607,15.0,85.0,518,34348.0,34551.0,0.15,1.0,0.08,1.21,0.1,5.77,6.95,0.3
608,6.0,85.0,515,20182.0,20353.0,0.27,1.34,0.14,1.38,0.06,7.75,7.33,1.04
609,1.0,98.0,506,20143.0,20282.0,0.06,1.22,0.14,0.85,0.05,5.41,6.19,0.08
610,40.0,25.0,506,17919.0,17853.0,0.16,1.48,0.07,1.14,0.04,6.25,6.37,0.17
611,5.0,25.0,505,13051.0,13438.0,0.08,1.38,0.04,0.89,0.05,4.36,5.46,0.61
612,4.0,61.0,504,10911.0,11042.0,0.08,1.45,0.02,0.59,0.02,4.89,5.33,0.1
613,70.0,73.0,502,10461.0,10334.0,0.26,1.11,0.26,1.98,0.06,7.44,8.23,0.64
614,32.0,99.0,502,8144.0,8347.0,0.28,1.75,0.12,0.83,0.02,6.22,4.79,0.23
615,27.0,0.0,501,37891.0,38402.0,0.05,1.73,0.04,0.96,0.03,5.22,5.78,0.16
616,82.0,9.0,497,16414.0,16525.0,0.19,1.39,0.19,0.7,0.05,6.8,5.88,0.02
617,17.0,90.0,496,9046.0,9095.0,0.04,1.28,0.02,0.84,0.05,5.88,5.6,0.48
618,70.0,33.0,492,58518.0,58953.0,0.11,1.5,0.04,1.27,0.04,5.09,7.67,0.01
619,32.0,16.0,490,16639.0,16745.0,0.11,1.11,0.14,0.71,0.08,5.55,6.34,0.48
620,63.0,35.0,488,12343.0,12624.0,0.07,0.98,0.08,0.87,0.04,5.96,6.4,0.77
621,3.0,29.0,481,15859.0,16325.0,0.14,1.47,0.01,0.98,0.03,4.8,6.47,0.29
622,79.0,29.0,475,26152.0,26212.0,0.12,1.2,0.16,1.35,0.12,7.01,7.13,0.92
623,45.0,80.0,474,18835.0,18989.0,0.15,1.32,0.19,0.48,0.06,5.98,6.21,0.17
624,21.0,75.0,474,12437.0,12560.0,0.1,1.0,0.03,1.11,0.02,5.32,7.05,0.1
625,10.0,50.0,473,21695.0,21924.0,0.04,1.39,0.04,1.1,0.04,4.55,6.23,0.25
626,59.5,38.5,470,50305.0,50984.0,0.16,1.27,0.08,0.86,0.06,5.3,7.03,0.19
627,10.0,14.0,470,12842.0,12895.0,0.16,1.25,0.1,0.8,0.08,7.2,6.32,0.78
628,4.0,91.0,470,8375.0,8486.0,0.07,1.04,0.21,0.62,0.08,6.58,5.8,0.58
629,95.0,24.0,467,10357.0,10462.0,0.2,1.63,0.16,0.65,0.17,6.52,5.46,0.34
630,23.0,25.0,466,23095.0,23484.0,0.08,1.15,0.06,1.21,0.03,3.8,6.86,0.17
631,90.0,17.0,465,49032.0,49053.0,0.06,2.24,0.04,0.74,0.06,6.03,6.9,0.06
632,61.0,96.0,461,23344.0,23420.0,0.27,2.12,0.18,0.64,0.04,6.17,6.21,0.1
633,15.0,85.0,461,22833.0,23027.0,0.13,1.22,0.03,1.03,0.03,6.18,6.63,0.21
634,12.0,49.0,461,9556.0,9573.0,0.26,0.91,0.1,0.78,0.07,5.0,7.59,0.08
635,20.0,19.0,460,12792.0,12869.0,0.02,1.13,0.01,0.54,0.02,3.63,4.56,0.28
636,20.0,11.0,460,13160.0,13214.0,0.04,1.44,0.06,1.32,0.04,6.41,8.1,0.55
637,15.0,72.0,459,17060.0,17192.0,0.19,1.33,0.3,1.15,0.09,6.32,6.29,0.94
638,50.0,15.0,457,17490.0,18245.0,0.14,1.16,0.03,0.85,0.07,5.29,5.65,0.09
639,5.0,77.0,456,13010.0,13110.0,0.14,0.99,0.19,1.25,0.03,6.67,6.64,0.42
640,29.0,49.0,455,19336.0,19697.0,0.06,1.36,0.03,0.59,0.02,5.05,5.66,0.08
641,2.0,36.0,455,11117.0,11192.0,0.08,1.13,0.04,0.45,0.05,5.52,5.52,0.47
642,0.0,1.0,450,15669.0,15719.0,0.08,1.66,0.04,0.78,0.01,5.76,5.66,0.55
643,5.0,15.0,447,14887.0,15241.0,0.09,1.26,0.07,0.49,0.03,4.4,4.49,0.12
644,51.0,25.0,446,18974.0,19167.0,0.04,1.85,0.11,0.82,0.05,6.18,6.99,1.02
645,93.0,3.0,446,11190.0,11328.0,0.05,1.43,0.07,1.0,0.06,5.42,6.34,0.12
646,99.0,97.0,443,9699.0,9991.0,0.16,0.62,0.13,1.23,0.11,5.51,6.87,0.07
647,60.0,15.0,442,7146.0,7208.0,0.14,1.04,0.15,1.01,0.11,7.06,6.58,0.31
648,9.0,6.0,441,23879.0,24172.0,0.07,0.88,0.07,1.53,0.03,6.16,6.49,0.51
649,5.0,97.0,441,22961.0,23171.0,0.14,1.35,0.13,0.75,0.11,6.81,7.14,0.93
650,9.0,2.0,440,16111.0,16383.0,0.05,1.45,0.1,1.74,0.03,5.93,7.09,0.34
651,9.0,90.0,436,11711.0,11836.0,0.06,1.69,0.02,0.82,0.03,5.1,6.6,0.03
652,15.0,36.0,436,9552.0,9622.0,0.04,0.88,0.08,0.98,0.04,6.44,6.08,0.81
653,17.0,84.0,436,7140.0,7262.0,0.17,1.78,0.07,0.62,0.06,5.12,5.67,0.19
654,58.0,72.0,432,46030.0,46392.0,0.1,0.99,0.17,1.29,0.05,4.65,6.47,0.23
655,2.0,97.0,429,8831.0,8941.0,0.1,1.1,0.07,0.73,0.08,7.09,6.03,0.44
656,32.0,4.0,427,16007.0,16139.0,0.1,1.35,0.14,1.22,0.11,5.28,7.16,0.56
657,28.0,67.0,425,24311.0,24714.0,0.19,1.17,0.28,0.8,0.06,5.23,6.39,0.15
658,34.0,26.0,420,17859.0,18240.0,0.05,1.23,0.01,0.38,0.01,2.8,4.86,0.07
659,9.0,64.0,418,7595.0,7761.0,0.18,0.95,1.12,0.63,0.09,6.07,6.13,1.02
660,45.0,5.0,417,30443.0,30695.0,0.15,1.4,0.14,0.79,0.09,6.21,5.56,0.11
661,21.0,32.0,417,16540.0,16777.0,0.14,1.5,0.17,1.02,0.1,5.11,6.71,0.1
662,63.0,1.0,416,37005.0,37607.0,0.06,1.46,0.03,0.91,0.04,5.39,7.52,0.05
663,50.0,85.0,416,12673.0,12845.0,0.05,0.93,0.12,1.25,0.07,5.82,6.62,1.02
664,99.0,48.0,414,7543.0,7597.0,0.05,1.83,0.04,0.62,0.03,6.78,5.83,0.53
665,35.0,25.0,413,28485.0,28606.0,0.14,1.44,0.26,0.81,0.08,5.78,7.56,0.1
666,26.0,43.0,413,20159.0,20338.0,0.16,1.1,0.12,0.81,0.17,5.67,7.21,0.35
667,91.0,0.0,413,11891.0,11943.0,0.04,1.36,0.18,0.9,0.05,5.17,6.35,0.17
668,1.0,2.0,412,61329.0,64323.0,0.3,1.07,1.53,0.76,0.22,7.66,6.13,0.28
669,26.0,13.0,412,19823.0,19836.0,0.05,0.58,0.57,0.91,0.08,4.67,6.25,0.12
670,91.0,74.0,412,10976.0,11078.0,0.19,1.34,0.04,1.23,0.07,5.02,7.59,0.46
671,41.0,17.0,411,5333.0,5363.0,0.02,1.01,0.07,0.76,0.02,3.21,5.93,0.41
672,62.0,65.0,409,22660.0,22786.0,0.14,1.51,0.18,1.12,0.04,4.26,7.02,0.31
673,23.0,94.0,409,17740.0,17705.0,0.15,1.47,0.09,1.03,0.12,5.73,6.9,0.17
674,23.0,95.0,408,31239.0,31629.0,0.08,1.34,0.05,0.59,0.04,4.84,5.67,0.03
675,17.0,13.0,408,27128.0,27482.0,0.04,1.01,0.07,0.61,0.05,4.5,4.64,0.24
676,35.0,47.0,402,8210.0,8285.0,0.16,1.23,0.02,1.22,0.08,8.3,6.95,0.56
677,41.0,13.0,401,19315.0,19553.0,0.06,1.3,0.08,1.18,0.01,4.16,5.69,0.1
678,4.0,96.0,397,21642.0,21995.0,0.13,1.18,0.1,0.81,0.08,5.33,6.15,0.66
679,58.0,94.0,396,16044.0,16225.0,0.17,1.34,0.25,1.11,0.09,6.84,7.56,0.69
680,17.0,32.0,396,5653.0,5681.0,0.04,1.09,0.05,1.09,0.07,6.5,6.04,0.46
681,2.0,77.0,391,5908.0,5988.0,0.3,1.37,0.18,0.67,0.05,6.58,5.83,0.2
682,70.0,54.0,390,32288.0,32993.0,0.13,1.53,0.26,0.8,0.1,6.89,5.96,0.46
683,17.0,42.0,389,12771.0,12924.0,0.15,1.74,0.06,0.87,0.03,5.01,7.03,0.29
684,75.0,91.0,388,46416.0,47046.0,0.24,1.52,1.21,0.67,0.11,4.67,6.76,0.11
685,9.0,2.0,388,7232.0,7228.0,0.21,1.23,0.06,0.97,0.03,6.29,5.89,0.18
686,88.0,91.0,386,12380.0,12438.0,0.23,1.06,0.18,0.84,0.07,5.78,6.2,0.31
687,12.0,33.0,384,21027.0,21164.0,0.18,1.59,0.09,0.81,0.08,5.72,6.54,0.54
688,55.0,15.0,384,8369.0,8447.0,0.04,1.82,0.07,0.95,0.05,4.2,5.77,0.22
689,34.0,32.0,383,102372.0,103648.0,0.16,0.73,0.31,1.15,0.06,7.19,6.61,0.51
690,2.0,7.0,382,22271.0,22542.0,0.02,0.75,0.02,0.63,0.05,3.87,3.9,0.49
691,10.0,36.0,377,42726.0,43043.0,0.05,1.26,0.11,1.35,0.08,4.02,6.36,0.46
692,5.0,15.0,377,8217.0,8324.0,0.37,1.79,0.83,1.05,0.13,7.77,7.15,0.43
693,24.0,5.0,375,14970.0,15185.0,0.14,1.27,0.3,1.5,0.11,5.48,6.61,0.26
694,70.0,16.0,375,4707.0,4770.0,0.13,1.3,0.06,1.01,0.0,8.22,5.64,1.72
695,11.0,43.0,373,4897.0,4943.0,0.22,1.44,0.08,0.99,0.02,6.51,6.8,0.18
696,30.0,95.0,370,19236.0,19456.0,0.11,1.36,0.25,1.19,0.08,5.06,6.69,0.3
697,12.0,73.0,370,6970.0,7021.0,0.01,1.79,0.13,1.03,0.04,4.06,6.74,0.36
698,60.0,99.0,368,20706.0,20848.0,0.12,1.51,0.28,1.25,0.12,5.39,6.73,0.27
699,20.0,40.0,368,18411.0,18627.0,0.04,1.95,0.01,1.2,0.03,4.79,7.64,0.08
700,11.0,9.0,365,9897.0,9947.0,0.18,1.27,0.01,1.24,0.05,6.26,7.25,0.21
701,45.0,58.0,365,6532.0,6495.0,0.11,4.87,0.09,0.88,0.09,5.25,5.64,0.32
702,15.0,84.0,363,13256.0,13413.0,0.08,1.25,0.06,1.12,0.04,4.97,6.59,0.19
703,29.0,46.0,362,10340.0,10647.0,0.19,1.8,0.15,0.68,0.04,6.54,6.57,0.27
704,58.0,6.0,361,19862.0,20529.0,0.06,1.27,0.01,0.46,0.07,4.41,5.99,0.12
705,41.0,32.0,360,9517.0,9617.0,0.05,1.73,0.01,1.24,0.01,3.61,7.39,0.1
706,21.0,80.0,359,4362.0,4312.0,0.09,0.93,0.0,0.97,0.05,5.96,5.45,0.7
707,50.0,89.0,356,7027.0,7078.0,0.11,1.29,0.13,0.89,0.08,5.64,6.22,0.14
708,6.0,84.0,355,12123.0,12291.0,0.08,0.9,0.15,0.85,0.03,5.48,5.59,0.41
709,94.0,75.0,354,14345.0,14697.0,0.07,1.2,0.07,1.05,0.04,5.18,7.66,0.61
710,15.0,3.0,354,7431.0,7552.0,0.15,1.6,0.05,0.3,0.11,5.48,6.05,0.38
711,24.0,93.0,351,27693.0,27953.0,0.19,1.57,0.8,1.43,0.08,6.21,7.55,0.09
712,6.0,13.0,351,22673.0,22991.0,0.1,1.07,0.11,1.4,0.08,5.14,7.41,0.64
713,85.0,50.0,348,10679.0,10871.0,0.17,1.4,0.03,1.43,0.06,6.38,6.47,0.21
714,53.0,64.0,347,5236.0,5286.0,0.13,1.65,0.19,0.36,0.04,6.36,5.64,0.53
715,79.0,62.0,346,16672.0,17292.0,0.19,1.12,0.33,1.06,0.03,6.4,6.35,0.09
716,50.0,27.0,344,14171.0,14279.0,0.07,1.22,0.03,1.45,0.07,4.94,7.72,0.13
717,6.0,88.0,340,8789.0,8863.0,0.21,1.2,0.1,1.02,0.06,6.84,6.45,0.74
718,29.0,48.0,338,29284.0,29833.0,0.07,1.64,0.03,1.28,0.06,4.95,7.07,0.2
719,43.0,82.0,337,12893.0,13079.0,0.15,1.13,0.11,0.86,0.08,3.67,6.54,0.13
720,7.0,43.0,337,12604.0,12797.0,0.13,1.43,0.27,0.7,0.04,6.03,6.75,0.12
721,7.0,34.0,337,7503.0,7538.0,0.01,1.15,0.04,0.78,0.05,5.07,6.46,0.08
722,20.0,50.0,331,10194.0,10339.0,0.11,1.17,0.01,0.81,0.01,5.05,7.41,0.07
723,17.0,92.0,331,5438.0,5445.0,0.31,1.07,0.66,1.16,0.13,5.29,7.86,0.61
724,65.0,25.0,327,27008.0,27364.0,0.04,1.71,0.02,0.57,0.05,6.83,4.67,0.01
725,27.0,93.0,324,37954.0,38490.0,0.04,1.1,0.08,1.58,0.05,4.59,8.31,0.39
726,8.0,6.0,324,31793.0,32425.0,0.06,1.41,0.07,0.48,0.11,5.5,5.97,0.11
727,41.0,64.0,323,18484.0,18803.0,0.23,1.8,0.2,2.02,0.04,5.77,7.7,0.53
728,93.0,67.0,323,12459.0,12490.0,0.18,1.51,0.08,1.12,0.22,6.56,7.8,0.33
729,50.0,9.0,321,18787.0,18897.0,0.05,1.66,0.18,1.38,0.04,4.97,6.54,0.28
730,67.0,37.0,321,11291.0,11395.0,0.03,1.32,0.03,0.59,0.04,4.34,5.91,0.25
731,50.0,43.0,320,20942.0,21053.0,0.09,1.38,0.01,0.98,0.04,4.52,6.18,0.15
732,14.0,37.0,318,4761.0,4844.0,0.08,0.93,0.0,1.09,0.02,5.76,6.42,0.14
733,91.0,8.0,317,10804.0,10963.0,0.01,1.37,0.08,0.91,0.03,4.84,5.62,0.14
734,50.0,87.0,315,3349.0,3387.0,0.15,1.33,0.24,0.86,0.06,6.44,5.93,0.38
735,95.0,85.0,313,11365.0,11458.0,0.06,1.66,0.01,1.33,0.04,5.73,7.85,0.17
736,10.0,30.0,312,9201.0,9361.0,0.04,0.8,0.01,0.83,0.04,5.61,6.27,0.95
737,86.0,92.0,311,6874.0,6932.0,0.2,1.28,0.07,1.1,0.04,6.41,6.72,0.22
738,89.0,80.0,311,5395.0,5488.0,0.24,1.26,0.02,1.37,0.02,6.23,7.94,0.09
739,3.0,46.0,308,9793.0,9901.0,0.15,1.79,0.01,0.46,0.1,5.99,6.08,0.04
740,40.0,90.0,305,18323.0,18395.0,0.34,0.81,1.52,0.92,0.04,6.38,6.38,0.57
741,43.0,93.0,305,19235.0,19306.0,0.38,1.42,0.51,1.06,0.09,6.95,7.45,0.46
742,50.0,89.0,305,9379.0,9428.0,0.3,1.7,0.7,0.94,0.07,7.61,6.71,0.13
743,98.0,10.0,304,48179.0,48905.0,0.04,1.91,0.0,1.06,0.03,5.0,7.12,0.09
744,47.0,99.0,303,4439.0,4498.0,0.2,1.33,0.02,1.0,0.07,6.4,6.87,0.87
745,76.0,57.0,302,14673.0,14776.0,0.09,0.85,0.07,0.51,0.02,5.21,3.85,0.26
746,55.0,80.0,302,13137.0,13400.0,0.05,1.46,0.07,0.68,0.09,4.4,6.27,0.35
747,81.0,7.0,301,5636.0,5720.0,0.38,1.29,0.02,0.68,0.05,8.22,7.4,0.45
748,98.0,47.0,300,7508.0,7568.0,0.07,2.01,0.01,0.73,0.0,4.65,4.36,0.0
749,95.0,88.0,297,21033.0,21346.0,0.01,0.89,0.06,0.41,0.01,3.17,4.29,0.18
750,55.0,63.0,297,7495.0,7545.0,0.32,1.09,0.09,0.78,0.12,6.24,5.75,0.41
751,87.0,83.0,296,9839.0,9949.0,0.05,1.56,0.07,0.8,0.08,4.48,6.77,0.03
752,35.0,99.0,295,12579.0,12660.0,0.24,1.15,0.02,1.01,0.05,5.26,6.45,0.17
753,57.0,1.0,295,6476.0,6548.0,0.12,1.22,0.11,1.24,0.08,5.3,7.28,0.24
754,85.0,95.0,295,4872.0,4870.0,0.12,1.38,0.08,0.74,0.08,7.68,6.28,0.72
755,19.0,36.0,294,6743.0,6858.0,0.17,1.33,0.1,0.96,0.07,5.66,8.03,0.93
756,12.0,4.0,294,6372.0,6430.0,0.03,1.17,0.06,0.58,0.19,4.59,6.81,0.51
757,4.0,96.0,293,11400.0,11535.0,0.03,1.47,0.03,0.55,0.01,2.86,5.53,0.1
758,68.0,14.0,292,6788.0,6837.0,0.01,1.37,0.12,0.69,0.01,5.38,7.97,0.34
759,95.0,85.0,290,26696.0,27331.0,0.11,1.65,0.07,1.25,0.05,5.13,6.89,0.11
760,1.0,64.0,290,8977.0,9025.0,0.23,0.8,0.03,1.16,0.01,6.77,7.89,0.53
761,13.0,88.0,289,6782.0,6871.0,0.04,1.34,0.1,0.68,0.12,5.08,5.65,0.25
762,19.0,16.0,288,9786.0,9855.0,0.07,1.15,0.07,1.29,0.05,6.83,7.95,0.12
763,55.0,58.0,287,20548.0,20840.0,0.07,1.39,0.71,1.38,0.02,3.69,7.11,0.05
764,86.0,73.0,280,20149.0,20379.0,0.38,1.55,0.15,1.29,0.09,7.41,8.28,0.13
765,26.0,82.0,278,16630.0,16722.0,0.13,1.11,0.18,0.89,0.11,5.48,5.97,0.38
766,21.0,18.0,278,8019.0,8102.0,0.11,1.57,0.01,0.86,0.02,5.7,5.54,0.17
767,97.0,51.0,278,4595.0,4625.0,0.11,1.86,0.13,1.12,0.0,6.29,6.64,1.06
768,68.0,36.0,277,15889.0,15877.0,0.12,1.32,0.24,0.78,0.06,6.12,5.6,0.47
769,88.0,96.0,272,6562.0,6600.0,0.18,1.61,0.09,1.12,0.05,6.95,7.47,0.47
770,15.0,58.0,269,1663.0,1741.0,0.34,1.38,0.06,1.15,0.06,9.19,5.4,0.92
771,91.0,43.0,268,6013.0,6022.0,0.03,1.3,0.02,1.86,0.08,7.01,8.09,0.05
772,41.0,75.0,268,2960.0,3006.0,0.13,2.4,0.07,1.0,0.03,3.89,6.92,0.63
773,14.0,98.0,263,14226.0,14392.0,0.22,1.08,0.23,1.09,0.06,4.91,5.79,0.38
774,21.0,21.0,262,8043.0,8064.0,0.02,0.76,0.02,1.13,0.1,6.63,5.77,0.84
775,43.0,50.0,261,4141.0,4235.0,0.4,1.37,0.05,0.99,0.02,5.93,7.08,0.64
776,34.0,5.0,259,15381.0,15659.0,0.08,1.56,0.04,1.27,0.04,4.87,6.56,0.14
777,14.0,4.0,258,6638.0,6721.0,0.1,1.38,0.0,1.04,0.01,5.82,7.26,0.36
778,39.5,44.0,254,3563.0,3916.0,0.1,1.28,0.05,0.97,0.0,6.1,6.33,0.18
779,99.0,0.0,253,8572.0,8708.0,0.05,0.76,0.09,1.48,0.07,5.85,7.18,0.29
780,27.0,5.0,252,6192.0,6211.0,0.0,1.43,0.0,1.35,0.02,7.57,6.99,0.11
781,13.0,42.0,249,12936.0,13017.0,0.18,1.48,0.12,1.14,0.25,5.65,7.57,0.48
782,13.0,84.0,248,7976.0,8093.0,0.1,1.22,0.11,1.36,0.09,6.73,6.97,1.06
783,20.0,98.0,248,3289.0,3303.0,0.27,1.06,0.03,0.88,0.06,6.3,5.78,1.15
784,63.0,28.0,247,8830.0,8879.0,0.07,1.73,0.05,0.74,0.02,5.65,7.29,0.14
785,11.0,40.0,246,17561.0,17685.0,0.08,1.2,0.14,1.09,0.04,4.38,6.37,0.26
786,0.0,22.0,246,13575.0,13615.0,0.07,1.46,0.02,0.82,0.04,4.32,5.05,0.03
787,34.0,82.0,246,7332.0,7140.0,0.15,1.29,0.03,0.35,0.01,2.94,4.22,0.08
788,50.0,95.0,245,9959.0,10021.0,0.33,1.38,0.34,1.51,0.05,6.33,7.48,0.38
789,11.0,61.0,244,1616.0,1640.0,0.55,1.34,0.79,1.22,0.0,8.72,6.4,0.61
790,46.0,45.0,243,5539.0,5601.0,0.05,1.73,0.09,0.52,0.0,6.14,3.34,0.2
791,92.0,57.0,240,8056.0,8100.0,0.2,1.68,0.12,0.68,0.0,6.1,6.25,0.09
792,96.0,10.0,240,6004.0,6069.0,0.0,1.4,0.02,0.79,0.08,6.26,6.79,0.35
793,54.0,36.0,238,11324.0,11448.0,0.12,0.86,0.21,0.91,0.08,5.77,5.41,0.23
794,44.0,94.0,237,12225.0,12255.0,0.39,1.37,0.58,1.62,0.12,6.45,8.78,0.33
795,50.0,78.0,237,9228.0,9358.0,0.05,1.52,0.12,1.46,0.0,6.52,6.67,0.74
796,50.0,80.0,237,8612.0,8648.0,0.07,1.5,0.05,1.16,0.05,4.45,6.9,0.1
797,89.0,63.0,237,8343.0,8286.0,0.3,1.75,0.04,1.44,0.12,6.94,8.19,0.29
798,18.0,13.0,237,5111.0,5087.0,0.12,1.77,0.02,1.38,0.04,5.96,7.35,0.26
799,77.0,13.0,236,6552.0,6546.0,0.21,1.8,0.21,0.92,0.02,7.24,7.96,0.2
800,39.0,26.0,235,35396.0,35970.0,0.07,1.37,0.06,0.92,0.04,4.43,6.34,0.06
801,9.0,86.0,235,13598.0,13683.0,0.07,1.53,0.01,1.03,0.01,4.49,6.1,0.2
802,3.0,7.0,234,13757.0,14114.0,0.11,1.46,0.04,0.92,0.09,5.37,7.05,0.13
803,32.0,67.0,233,5744.0,5795.0,0.03,1.17,0.09,0.6,0.02,5.19,5.16,1.57
804,17.0,13.0,232,5797.0,5856.0,0.15,1.52,0.03,1.74,0.09,6.86,8.28,0.91
805,65.0,73.0,231,8634.0,8765.0,0.07,1.41,0.01,1.03,0.01,6.05,6.81,0.37
806,40.0,40.0,230,13953.0,14021.0,0.16,1.16,0.04,0.96,0.06,4.45,7.08,0.12
807,9.0,61.0,226,9450.0,9452.0,0.12,1.23,0.1,1.04,0.04,4.58,5.53,0.26
808,56.0,35.0,225,24713.0,24897.0,0.03,1.44,0.04,0.94,0.03,4.23,6.78,0.01
809,24.0,44.0,225,23003.0,23160.0,0.19,1.44,0.49,1.08,0.07,5.94,8.16,0.07
810,34.0,80.0,223,17716.0,17848.0,0.15,1.34,0.31,1.53,0.07,5.79,8.1,0.18
811,99.0,96.0,222,11817.0,12008.0,0.17,1.32,0.12,1.68,0.07,5.99,6.21,0.14
812,91.0,75.0,222,8276.0,8339.0,0.13,1.0,0.41,0.68,0.08,9.52,7.79,0.1
813,60.0,49.0,219,13027.0,13166.0,0.25,1.46,0.15,0.87,0.12,5.83,6.93,0.09
814,85.0,15.0,218,21351.0,21545.0,0.1,1.75,0.07,1.17,0.02,5.77,6.46,0.31
815,96.0,7.0,216,6709.0,6782.0,0.06,1.7,0.0,0.88,0.0,4.73,6.25,0.16
816,34.0,58.0,216,5161.0,5183.0,0.08,1.14,0.29,1.0,0.08,5.79,8.78,0.1
817,75.0,26.0,216,4386.0,4399.0,0.16,1.09,0.05,0.68,0.05,4.8,4.52,0.32
818,4.0,76.0,215,12818.0,13203.0,0.05,0.84,0.14,1.05,0.11,4.83,5.51,0.11
819,34.0,40.0,215,6162.0,6265.0,0.08,1.44,0.08,0.61,0.06,5.43,6.62,0.29
820,21.0,4.0,214,14006.0,14051.0,0.04,1.35,0.02,1.12,0.0,4.64,6.38,0.08
821,40.0,80.0,214,9663.0,9713.0,0.37,1.3,0.35,1.4,0.07,6.88,7.37,0.47
822,41.0,13.0,213,14497.0,14710.0,0.17,1.91,0.07,0.9,0.12,5.8,7.04,0.05
823,60.0,62.0,213,13866.0,13984.0,0.08,1.04,0.36,1.44,0.03,4.72,7.85,0.11
824,36.0,7.0,213,2585.0,2703.0,0.11,0.89,0.15,1.29,0.0,11.58,5.66,0.07
825,100.0,39.0,212,25845.0,26176.0,0.07,1.07,0.07,0.81,0.03,4.33,5.96,0.08
826,9.0,11.0,212,12078.0,12325.0,0.07,1.01,0.03,0.84,0.03,5.08,5.43,0.28
827,34.0,25.0,212,11223.0,11261.0,0.1,1.56,0.14,1.15,0.14,4.63,6.65,0.15
828,15.0,58.0,211,5694.0,5756.0,0.07,1.09,0.03,1.06,0.02,5.87,6.51,0.21
829,50.0,4.0,207,11269.0,11346.0,0.2,1.44,1.1,1.34,0.11,8.82,7.96,2.34
830,74.0,80.0,207,5391.0,5501.0,0.04,1.18,0.09,0.67,0.07,5.42,7.94,0.04
831,71.0,99.0,206,21573.0,21787.0,0.17,1.39,0.55,1.32,0.11,5.69,8.4,0.11
832,15.0,54.0,206,13540.0,13609.0,0.1,1.62,0.01,0.82,0.0,4.64,6.56,0.22
833,1.0,43.0,202,10310.0,10453.0,0.11,1.19,0.09,0.77,0.07,5.56,6.67,0.35
834,60.0,80.0,202,7958.0,7987.0,0.16,1.24,0.51,1.05,0.08,6.7,7.34,0.18
835,8.0,14.0,201,8688.0,8778.0,0.03,1.33,0.02,0.49,0.03,5.1,6.07,0.22
836,15.0,85.0,201,6736.0,6800.0,0.19,1.76,0.16,0.82,0.04,5.59,6.63,0.37
837,51.0,7.0,201,3198.0,3251.0,0.12,1.48,0.0,1.2,0.03,6.27,7.11,0.03
838,50.0,50.0,200,46308.0,47717.0,0.39,0.76,0.56,0.41,0.09,5.95,4.95,0.01
839,8.0,54.0,194,22388.0,22537.0,0.03,1.02,0.03,0.7,0.04,4.04,4.4,0.05
840,6.0,95.0,194,5903.0,5963.0,0.12,1.02,0.13,0.67,0.05,5.38,6.07,0.1
841,89.0,22.0,192,7634.0,7451.0,0.11,0.75,0.03,1.44,0.2,7.41,6.7,0.23
842,24.0,22.0,191,9414.0,9499.0,0.08,1.45,0.12,0.88,0.03,6.46,6.81,0.67
843,6.0,93.0,190,6971.0,7033.0,0.1,1.48,0.01,0.87,0.03,5.77,6.73,0.07
844,1.0,41.0,190,5724.0,5714.0,0.11,1.12,0.09,1.8,0.02,6.02,7.58,0.11
845,85.0,30.0,189,21657.0,21742.0,0.07,1.37,0.03,1.0,0.03,4.94,6.42,0.24
846,89.0,5.0,188,7190.0,7264.0,0.18,0.74,0.1,0.72,0.03,6.08,6.11,0.14
847,93.0,36.0,187,12367.0,12421.0,0.1,1.85,0.1,0.92,0.07,4.98,6.05,0.2
848,68.0,76.0,187,1914.0,1961.0,0.05,1.73,0.1,0.66,0.0,7.19,4.9,1.33
849,7.0,46.0,185,12152.0,12306.0,0.09,1.21,0.12,1.24,0.04,5.76,6.69,0.49
850,85.0,86.0,185,6223.0,6265.0,0.22,1.92,0.14,1.28,0.03,6.08,7.04,0.1
851,6.0,13.0,183,12227.0,12762.0,0.08,1.18,0.06,0.89,0.1,5.05,6.12,0.14
852,95.0,5.0,183,11957.0,12292.0,0.17,0.63,0.06,1.1,0.02,5.78,5.43,0.3
853,34.0,92.0,183,11362.0,11359.0,0.16,1.58,0.03,1.33,0.04,6.04,8.33,0.29
854,15.0,19.0,183,6635.0,6722.0,0.09,1.71,0.07,0.42,0.19,6.63,6.28,0.15
855,57.0,96.0,182,15643.0,15773.0,0.06,1.44,0.03,1.06,0.07,5.24,5.56,0.25
856,8.0,64.0,181,7012.0,7130.0,0.03,0.94,0.03,0.74,0.04,4.64,5.96,0.34
857,47.0,99.0,181,3556.0,3595.0,0.22,1.78,0.06,1.14,0.03,5.45,7.26,0.06
858,21.0,37.0,181,2505.0,2652.0,0.3,1.58,0.04,1.4,0.11,7.24,7.81,0.19
859,29.0,95.0,181,2461.0,2440.0,0.2,0.7,0.2,1.31,0.0,6.31,5.82,1.43
860,83.0,61.0,180,16124.0,16527.0,0.15,0.77,0.04,1.23,0.04,5.17,6.25,0.22
861,79.0,80.0,180,10585.0,10692.0,0.26,2.59,0.03,0.65,0.01,6.9,6.0,0.22
862,83.0,71.0,180,6379.0,6534.0,0.11,1.13,0.0,0.89,0.06,7.06,6.0,0.17
863,31.0,98.0,179,3015.0,3027.0,0.07,1.82,0.07,0.56,0.0,6.48,5.58,0.56
864,86.0,16.0,178,17116.0,17148.0,0.02,1.08,0.02,1.11,0.03,4.59,5.84,0.15
865,76.0,78.0,178,16551.0,16632.0,0.16,1.42,0.36,0.99,0.02,6.27,7.09,0.24
866,0.0,10.0,178,13510.0,13498.0,0.07,1.5,0.23,1.0,0.1,6.42,6.91,1.0
867,64.0,76.0,178,3481.0,3523.0,0.03,0.99,0.06,1.22,0.17,5.76,6.87,0.11
868,8.0,98.0,177,4162.0,4212.0,0.21,1.26,0.05,1.78,0.0,6.29,8.12,0.95
869,50.0,50.0,176,4965.0,5082.0,0.28,1.34,0.41,0.75,0.02,7.36,6.4,0.35
870,70.0,93.0,175,4055.0,4043.0,0.49,1.9,0.02,0.96,0.0,8.53,7.82,0.12
871,40.0,71.0,174,6233.0,6339.0,0.03,1.12,0.09,1.06,0.06,5.51,6.01,0.68
872,29.0,11.0,174,5109.0,5198.0,0.17,1.21,0.15,0.83,0.12,5.93,7.52,0.46
873,94.0,4.0,172,3787.0,3853.0,0.1,1.3,0.08,0.62,0.08,6.05,5.04,0.23
874,8.0,80.0,171,8863.0,9041.0,0.18,1.18,0.35,1.03,0.1,6.16,7.39,0.49
875,12.0,64.0,170,8396.0,8644.0,0.07,0.87,0.05,1.23,0.01,4.95,5.24,0.36
876,7.0,2.0,170,2608.0,2655.0,0.11,0.87,0.0,0.49,0.0,6.78,4.11,0.3
877,16.0,97.0,169,3634.0,3662.0,0.11,1.42,0.63,0.71,0.11,7.43,7.73,0.52
878,65.0,73.0,167,4444.0,4462.0,0.11,1.34,0.04,1.21,0.04,8.4,8.36,0.22
879,93.0,11.0,165,8563.0,8572.0,0.13,0.98,0.12,0.71,0.06,4.93,5.79,0.22
880,89.0,6.0,165,6645.0,6700.0,0.04,1.12,0.04,0.81,0.06,5.79,5.42,0.34
881,70.0,8.0,165,2054.0,2113.0,0.14,0.99,0.14,1.09,0.14,4.87,6.86,0.0
882,3.0,2.0,163,7780.0,7798.0,0.18,1.12,0.03,0.54,0.04,5.81,6.18,0.64
883,29.0,47.0,163,3216.0,3245.0,0.09,1.14,0.03,0.55,0.0,5.08,4.96,0.03
884,6.0,12.0,162,6567.0,6607.0,0.23,1.66,0.17,0.95,0.06,6.18,6.42,0.64
885,77.0,67.0,161,4849.0,4960.0,0.06,1.33,0.04,0.95,0.08,4.72,5.67,0.46
886,71.0,86.0,160,10107.0,10231.0,0.22,1.82,0.13,0.99,0.07,7.51,6.99,0.03
887,10.0,76.0,160,5271.0,5329.0,0.11,1.95,0.15,0.9,0.08,4.6,6.76,0.21
888,24.0,16.0,159,3131.0,3202.0,0.06,2.03,0.03,0.47,0.03,4.9,5.0,0.19
889,70.0,58.0,159,3288.0,3316.0,0.48,1.45,0.15,1.69,0.03,9.83,9.11,0.27
890,11.0,98.0,158,9223.0,9265.0,0.04,2.07,0.08,1.15,0.02,4.35,6.99,0.25
891,60.0,47.0,158,7436.0,7547.0,0.13,0.73,0.04,1.31,0.07,5.25,7.65,0.12
892,18.0,98.0,157,7634.0,7689.0,0.09,1.66,0.18,1.11,0.12,5.94,6.58,0.08
893,6.0,75.0,157,6743.0,6724.0,0.06,1.06,0.09,0.59,0.15,5.81,4.83,1.22
894,34.0,89.0,157,6466.0,6549.0,0.15,1.19,0.05,1.24,0.15,6.49,8.21,0.6
895,5.0,3.0,156,3570.0,3595.0,0.06,1.42,0.03,0.81,0.11,6.01,5.59,1.39
896,11.0,61.0,155,10933.0,11032.0,0.03,1.79,0.0,0.64,0.03,4.75,5.8,0.14
897,0.0,13.0,155,8147.0,8295.0,0.05,1.94,0.13,0.69,0.14,6.11,5.92,0.53
898,11.0,6.0,155,2265.0,2281.0,0.26,1.53,0.0,0.26,0.09,8.99,6.88,0.83
899,24.0,86.0,154,9673.0,9757.0,0.06,1.1,0.27,1.17,0.15,5.65,7.77,0.18
900,17.0,90.0,153,9345.0,9358.0,0.28,1.27,0.68,1.9,0.04,6.14,8.82,0.17
901,41.0,26.0,153,5538.0,5700.0,0.02,1.07,0.02,0.12,0.0,1.95,4.95,0.0
902,58.0,4.0,152,13611.0,13897.0,0.02,1.22,0.02,0.73,0.03,6.42,7.3,0.29
903,41.0,16.0,151,7745.0,7801.0,0.19,1.68,0.15,0.63,0.04,6.28,6.11,0.03
904,4.0,4.0,151,6190.0,6205.0,0.11,1.66,0.13,0.55,0.08,6.17,5.91,0.47
905,3.0,36.0,151,3271.0,3302.0,0.06,0.85,0.0,0.94,0.06,4.36,5.75,0.12
906,13.0,86.0,150,7388.0,7519.0,0.05,1.02,0.13,1.26,0.21,6.32,7.93,0.92
907,6.0,4.0,148,7525.0,7580.0,0.04,1.25,0.03,0.62,0.11,6.54,6.32,0.07
908,39.0,84.0,147,14293.0,14431.0,0.07,0.95,0.02,0.8,0.01,5.11,5.12,0.06
909,85.0,70.0,147,12956.0,13053.0,0.08,1.44,0.35,1.2,0.03,4.45,6.92,0.07
910,32.0,78.0,147,10572.0,10646.0,0.08,1.08,0.12,0.84,0.06,4.72,5.45,0.32
911,89.0,25.0,147,4915.0,4942.0,0.22,1.27,0.0,1.58,0.0,7.02,7.14,0.63
912,73.0,100.0,147,2590.0,2737.0,0.29,0.73,0.26,0.84,0.0,5.37,4.68,0.37
913,0.0,29.0,145,7694.0,7808.0,0.04,1.38,0.1,0.42,0.04,5.64,5.07,0.67
914,15.0,80.0,145,3082.0,3092.0,0.13,1.0,0.0,1.23,0.03,6.53,8.18,0.26
915,58.0,3.0,144,8197.0,8272.0,0.07,1.31,0.05,1.11,0.05,5.04,6.52,0.08
916,8.0,61.0,144,5518.0,5576.0,0.09,2.31,0.07,0.56,0.04,5.11,5.67,0.18
917,50.0,15.0,142,7265.0,7352.0,0.18,1.14,0.03,1.16,0.08,6.49,8.32,0.41
918,50.0,15.0,142,3460.0,3465.0,0.14,1.5,0.0,1.59,0.09,6.52,8.17,0.52
919,61.0,99.0,141,3173.0,3186.0,0.09,1.35,0.09,1.07,0.06,5.21,7.09,0.19
920,15.0,5.0,139,6712.0,11571.0,0.03,0.83,0.22,0.76,0.04,3.4,4.34,0.23
921,3.0,84.0,139,5633.0,5690.0,0.14,1.12,0.07,0.95,0.12,5.99,6.43,0.4
922,75.0,19.0,138,3224.0,3246.0,0.03,1.11,0.06,0.77,0.03,5.24,6.62,0.09
923,65.0,63.0,138,3094.0,3118.0,0.06,2.02,0.16,1.76,0.03,6.61,6.61,0.29
924,54.0,86.0,137,7227.0,7356.0,0.05,0.8,0.11,0.84,0.03,4.53,5.63,0.04
925,80.0,26.0,136,9571.0,9828.0,0.11,1.13,0.12,1.09,0.04,5.43,7.14,0.2
926,44.0,93.0,136,5485.0,5628.0,0.11,1.58,0.0,0.37,0.0,4.3,6.11,0.05
927,38.0,89.0,136,4509.0,4497.0,0.38,2.0,0.22,0.56,0.11,6.72,5.67,0.09
928,60.0,94.0,135,10446.0,10583.0,0.15,1.34,0.23,1.18,0.01,5.19,7.76,0.03
929,89.0,54.0,135,6413.0,6455.0,0.05,1.22,0.03,0.45,0.08,4.29,6.03,0.08
930,70.0,70.0,135,5338.0,5415.0,0.28,1.14,0.44,1.24,0.02,6.94,6.17,0.46
931,54.0,92.0,135,3966.0,4049.0,0.12,0.86,0.0,0.69,0.0,5.16,4.89,0.35
932,65.0,98.0,134,6708.0,6737.0,0.22,1.37,0.28,0.92,0.09,6.83,5.61,0.56
933,77.0,15.0,133,11640.0,11743.0,0.01,1.2,0.06,1.03,0.03,5.32,6.45,0.14
934,67.0,29.0,133,3469.0,3517.0,0.28,1.45,0.0,1.14,0.09,7.85,8.1,0.0
935,93.0,67.0,132,7484.0,7586.0,0.26,1.21,0.25,1.42,0.05,6.31,8.23,0.28
936,35.0,91.0,131,5810.0,5916.0,0.07,1.61,0.07,1.13,0.05,6.54,7.32,0.44
937,1.0,17.0,130,3936.0,3974.0,0.05,1.16,0.1,0.93,0.05,5.89,6.47,0.23
938,23.0,95.0,129,5687.0,5737.0,0.19,1.41,0.09,1.08,0.03,4.55,7.39,0.21
939,78.0,37.0,129,640.0,626.0,0.0,0.96,0.0,0.32,0.0,4.95,6.07,0.0
940,1.0,7.0,128,5412.0,5454.0,0.15,1.08,0.2,0.81,0.11,4.91,6.58,0.57
941,19.0,30.0,128,1322.0,1347.0,0.0,1.78,0.07,0.59,0.3,7.13,5.27,0.67
942,68.0,67.0,127,7827.0,8108.0,0.02,1.26,0.07,0.65,0.06,5.9,4.85,0.27
943,97.0,26.0,127,6712.0,6800.0,0.15,1.93,0.1,1.24,0.03,6.79,6.9,0.13
944,19.0,7.0,127,4882.0,4897.0,0.27,1.69,0.08,0.76,0.12,5.84,5.98,0.35
945,11.0,94.0,126,16995.0,17108.0,0.13,1.2,0.05,1.01,0.12,4.23,7.38,0.06
946,26.0,69.0,126,5130.0,5175.0,0.1,1.58,0.48,0.87,0.08,6.51,7.77,0.17
947,87.0,13.0,126,3972.0,4002.0,0.02,0.92,0.02,1.1,0.02,5.47,5.65,0.17
948,9.0,52.0,126,2248.0,2431.0,0.04,0.41,0.0,0.62,0.04,4.77,2.96,0.45
949,50.0,1.0,126,2176.0,2198.0,0.14,1.14,0.0,0.32,0.0,6.46,4.91,0.23
950,17.0,88.0,125,2239.0,2249.0,0.0,1.02,0.0,0.71,0.04,6.09,6.85,0.44
951,11.0,7.0,124,6075.0,6154.0,0.13,1.12,0.0,1.4,0.1,4.87,7.56,0.15
952,26.0,76.0,124,2782.0,2799.0,0.25,1.46,0.04,1.11,0.07,6.4,5.54,0.82
953,41.0,72.0,123,9291.0,9418.0,0.08,1.44,0.25,0.9,0.24,4.17,7.18,0.25
954,55.0,10.0,123,8219.0,8335.0,0.05,0.47,0.06,0.44,0.0,3.19,2.66,0.34
955,26.0,3.0,122,7597.0,7662.0,0.03,1.34,0.01,1.42,0.03,4.59,7.67,0.2
956,96.0,56.0,122,5863.0,5897.0,0.14,1.15,0.02,0.97,0.02,6.43,7.26,0.29
957,9.0,40.0,122,4366.0,4380.0,0.07,1.6,0.3,0.5,0.05,4.7,6.12,0.09
958,46.0,61.0,121,19961.0,19971.0,0.1,1.38,0.11,0.84,0.03,5.07,6.98,0.05
959,75.0,25.0,121,1829.0,1838.0,0.05,0.92,0.0,1.31,0.11,7.13,6.96,1.31
960,28.0,72.0,120,6313.0,6396.0,0.08,1.59,0.08,0.56,0.08,4.24,5.3,0.13
961,51.0,52.0,120,5630.0,5692.0,0.05,1.62,0.09,0.69,0.04,5.39,5.5,0.19
962,89.0,92.0,120,4245.0,4265.0,0.35,0.96,0.94,1.34,0.16,5.74,8.46,0.3
963,77.0,94.0,119,5666.0,5728.0,0.12,1.33,0.33,0.93,0.02,5.83,7.12,0.16
964,58.0,37.5,119,5385.0,5387.0,0.09,1.26,0.0,0.52,0.0,5.48,5.62,0.93
965,89.0,5.0,119,3617.0,3637.0,0.11,1.68,0.08,1.13,0.0,6.82,7.12,0.0
966,0.0,22.0,119,3427.0,3420.0,0.2,1.55,0.73,0.67,0.06,6.26,6.64,0.41
967,98.0,96.0,118,11579.0,11720.0,0.13,1.48,0.2,1.16,0.03,6.48,6.06,0.11
968,10.0,66.0,118,3767.0,3799.0,0.26,0.87,0.03,1.16,0.08,5.45,6.58,0.37
969,17.0,24.0,118,3358.0,3367.0,0.15,1.49,0.12,0.98,0.03,5.67,7.04,0.36
970,24.0,67.0,118,2757.0,2874.0,0.21,1.08,0.0,0.59,0.03,5.11,5.46,0.1
971,95.0,95.0,117,2856.0,2876.0,0.38,1.43,0.1,1.36,0.21,6.64,7.44,0.14
972,17.0,7.0,117,1558.0,1595.0,0.82,1.07,0.06,0.56,0.06,6.52,5.08,0.82
973,94.0,27.0,116,6507.0,6601.0,0.23,1.5,0.11,0.94,0.15,6.79,7.35,0.09
974,29.5,47.5,114,2903.0,2927.0,0.03,0.85,0.0,0.75,0.0,3.59,5.26,0.61
975,86.0,82.0,113,4796.0,4880.0,0.23,0.74,0.7,0.57,0.1,5.49,6.05,0.64
976,95.0,6.0,113,3884.0,3906.0,0.13,1.43,0.08,0.87,0.0,5.09,5.61,0.28
977,61.0,13.0,113,2760.0,2786.0,0.25,0.97,0.0,0.97,0.0,5.2,5.89,0.11
978,11.0,9.0,113,2025.0,2049.0,0.1,1.02,0.1,0.68,0.0,4.73,6.15,0.0
979,0.0,96.0,112,4751.0,4791.0,0.1,0.52,0.1,1.5,0.06,5.51,6.93,0.77
980,50.0,15.0,112,3449.0,3500.0,0.09,1.17,0.03,0.86,0.03,5.43,6.54,0.23
981,41.0,19.0,112,2170.0,2184.0,0.23,1.37,0.23,0.87,0.0,7.6,7.51,1.33
982,9.0,43.0,111,3666.0,3695.0,0.08,1.43,0.24,1.52,0.03,5.85,6.9,0.11
983,20.0,28.0,110,9174.0,9281.0,0.04,1.51,0.0,0.79,0.01,3.02,5.18,0.0
984,54.0,90.0,110,6860.0,6934.0,0.07,1.5,0.13,0.82,0.1,5.84,5.45,0.14
985,29.0,9.0,109,7467.0,7634.0,0.07,1.36,0.05,1.02,0.16,4.9,6.68,0.13
986,57.0,11.0,108,6498.0,6612.0,0.08,1.48,0.05,0.65,0.02,5.73,5.32,0.59
987,81.0,82.0,108,5252.0,5324.0,0.36,1.5,0.09,0.96,0.04,4.83,7.25,0.08
988,50.0,7.0,108,2402.0,2421.0,0.08,1.98,0.0,0.54,0.0,4.71,5.99,0.17
989,29.0,80.0,107,8394.0,8337.0,0.32,0.97,0.13,1.39,0.06,7.06,6.37,0.1
990,32.0,26.0,107,3293.0,3357.0,0.03,2.32,0.0,1.19,0.0,5.21,6.52,0.12
991,3.0,5.0,107,2204.0,2215.0,0.36,1.17,0.09,0.41,0.27,7.63,6.0,1.67
992,15.0,50.0,106,7341.0,7337.0,0.15,1.46,0.07,1.02,0.01,5.6,6.39,0.0
993,50.0,9.0,106,3589.0,3598.0,0.08,1.39,0.03,0.97,0.14,6.31,7.45,0.17
994,6.0,82.0,106,913.0,935.0,0.11,1.93,0.0,1.28,0.0,9.09,5.56,1.28
995,89.0,79.0,105,3771.0,3793.0,0.08,1.34,0.08,1.34,0.05,6.99,6.3,1.0
996,39.0,80.0,104,7530.0,7731.0,0.08,0.18,0.0,0.08,0.0,0.87,0.97,0.01
997,80.0,80.0,104,2072.0,2087.0,0.14,1.1,0.0,0.38,0.0,3.79,3.26,0.29
998,70.0,40.0,103,7321.0,7450.0,0.13,2.09,0.01,1.73,0.03,5.87,8.04,0.47
999,3.0,84.0,103,4088.0,4193.0,0.02,1.57,0.12,0.86,0.05,4.7,6.73,0.41
1000,91.0,36.0,103,4036.0,4037.0,0.15,1.07,0.3,0.77,0.0,6.91,7.48,0.42
1001,7.0,33.0,103,1863.0,1892.0,0.16,1.32,0.0,0.58,0.0,5.87,6.03,0.16
1002,40.0,36.0,102,2834.0,2840.0,0.14,1.94,0.0,1.41,0.0,5.32,7.85,0.04
1003,65.0,78.0,101,3899.0,3908.0,0.2,1.41,0.13,0.64,0.1,7.19,6.96,0.1
1004,74.0,74.0,101,2986.0,3012.0,0.17,1.76,0.17,0.96,0.2,7.8,6.94,0.9
1005,70.0,73.0,101,1682.0,1693.0,0.3,1.36,0.0,0.47,0.06,8.56,4.9,1.06
1006,9.0,89.0,101,1553.0,1567.0,0.13,1.6,0.06,0.51,0.0,7.15,5.23,0.51
1007,15.0,86.0,100,3093.0,3122.0,0.03,0.99,0.1,0.54,0.13,5.54,5.93,0.35
1008,98.0,46.0,99,6166.0,6252.0,0.18,1.26,0.13,1.15,0.03,5.87,8.41,0.1
1009,11.0,9.0,99,4910.0,4988.0,0.2,1.48,0.04,0.78,0.02,4.85,7.54,0.06
1010,95.0,32.0,99,1846.0,1865.0,0.32,1.13,0.59,0.8,0.11,7.29,4.77,0.38
1011,9.0,2.0,98,10388.0,10411.0,0.03,0.83,0.1,1.33,0.02,4.99,6.63,0.35
1012,27.0,66.0,97,10605.0,10853.0,0.25,1.59,0.23,1.35,0.18,5.78,7.99,0.06
1013,45.0,63.0,97,9252.0,9346.0,0.07,1.14,0.02,1.72,0.13,5.62,7.1,0.12
1014,50.0,76.0,97,3503.0,3512.0,0.03,1.11,0.0,1.34,0.06,5.35,8.46,0.28
1015,43.0,2.0,97,2286.0,2297.0,0.0,0.65,0.0,0.87,0.0,5.62,6.36,0.09
1016,38.0,99.0,96,4557.0,4651.0,0.11,1.29,0.06,0.99,0.15,5.2,7.42,0.26
1017,6.0,5.0,96,3103.0,3113.0,0.29,1.28,0.16,0.8,0.0,6.23,5.88,0.9
1018,5.0,36.0,96,2696.0,2726.0,0.0,1.14,0.04,1.1,0.04,4.81,5.5,0.29
1019,9.0,40.0,96,1088.0,1096.0,0.0,0.46,0.0,0.27,0.0,3.74,3.19,0.36
1020,15.0,85.0,95,4770.0,4809.0,0.17,1.89,0.02,1.66,0.08,6.76,8.4,0.33
1021,1.0,54.0,95,2491.0,2506.0,0.04,0.84,0.24,0.76,0.08,5.03,6.23,0.48
1022,25.0,99.0,94,2838.0,2856.0,0.14,1.05,2.31,0.42,0.11,5.67,7.07,0.28
1023,60.0,97.0,93,2721.0,2734.0,0.26,1.76,0.15,1.43,0.0,6.29,7.13,0.15
1024,40.0,2.0,92,4302.0,4338.0,0.41,1.68,1.01,1.01,0.05,6.36,7.31,0.48
1025,17.0,5.0,91,5163.0,5217.0,0.13,1.82,0.04,1.21,0.04,4.47,7.25,0.15
1026,19.0,75.0,91,4752.0,4756.0,0.02,0.32,0.11,0.21,0.0,10.95,1.43,0.25
1027,67.0,50.0,91,2127.0,2126.0,0.28,1.08,0.09,0.42,0.0,6.49,8.09,0.19
1028,33.0,12.0,90,6834.0,6851.0,0.1,1.23,0.13,0.93,0.1,5.4,6.42,0.28
1029,86.0,26.0,90,3430.0,3415.0,0.09,1.05,0.12,2.49,0.06,7.55,8.02,0.18
1030,91.0,58.0,90,2384.0,2391.0,0.29,1.42,0.08,0.92,0.0,6.69,6.65,0.42
1031,34.0,67.0,90,2511.0,2555.0,0.0,1.45,0.04,1.64,0.0,5.79,7.79,0.08
1032,95.0,43.0,89,3810.0,3780.0,0.26,0.74,0.05,0.87,0.0,5.63,7.25,0.03
1033,1.0,4.0,88,6411.0,6530.0,0.15,1.68,0.11,1.33,0.21,6.22,8.44,0.11
1034,74.0,87.0,88,3894.0,3936.0,0.0,1.6,0.03,0.81,0.0,6.86,6.91,0.23
1035,29.0,19.0,88,2107.0,2169.0,0.23,1.48,0.83,0.83,0.09,6.78,5.95,0.69
1036,58.0,36.0,87,2127.0,2151.0,0.14,1.77,0.05,1.21,0.14,6.42,7.11,0.0
1037,91.0,63.0,87,1386.0,1395.0,0.29,1.29,0.0,0.14,0.0,2.94,7.24,0.14
1038,45.0,5.0,86,12509.0,12656.0,0.11,1.26,0.34,1.29,0.21,5.39,7.89,0.38
1039,23.0,34.0,86,5456.0,5504.0,0.02,1.38,0.09,0.91,0.04,4.52,7.19,0.25
1040,0.0,5.0,86,2923.0,2962.0,0.1,1.65,0.1,0.54,0.0,4.22,4.42,0.2
1041,12.0,73.0,86,2868.0,2900.0,0.14,1.28,0.1,1.28,0.1,6.34,6.55,0.41
1042,44.0,81.0,86,1515.0,1509.0,0.0,1.46,0.0,2.32,0.0,4.57,8.75,0.2
1043,60.0,89.0,86,1244.0,1219.0,0.33,1.48,0.08,1.39,0.0,8.78,6.64,0.33
1044,0.0,39.0,85,2233.0,2271.0,0.18,1.67,0.26,1.19,0.04,7.13,6.69,0.4
1045,82.0,87.0,85,2624.0,2635.0,0.34,1.33,0.04,1.18,0.0,6.07,9.15,0.0
1046,97.0,70.0,85,1257.0,1266.0,0.16,1.03,0.0,0.87,0.32,6.48,10.27,0.47
1047,70.0,80.0,84,2884.0,2930.0,0.31,1.06,0.17,0.55,0.0,7.47,6.55,0.03
1048,8.0,92.0,84,2918.0,2929.0,0.07,1.81,0.0,1.5,0.07,6.83,7.0,0.24
1049,57.0,99.0,83,3601.0,3674.0,0.03,1.06,0.08,1.06,0.08,6.29,6.45,0.65
1050,13.0,90.0,82,3691.0,3775.0,0.13,1.11,0.42,0.85,0.08,5.27,5.54,0.13
1051,39.0,52.0,82,3107.0,3127.0,0.06,1.47,0.22,0.74,0.06,3.74,6.97,0.06
1052,11.0,77.0,82,2398.0,2454.0,0.16,1.83,0.16,0.69,0.12,4.97,7.86,0.24
1053,10.0,50.0,82,2118.0,2131.0,0.47,1.92,0.09,1.03,0.05,5.3,6.85,0.0
1054,53.0,13.0,82,1141.0,1142.0,0.09,0.79,0.09,0.88,0.0,7.09,6.74,0.96
1055,86.0,33.0,81,4143.0,4166.0,0.17,1.56,0.17,1.42,0.0,7.8,6.51,0.05
1056,24.0,74.0,81,4225.0,4264.0,0.07,1.17,0.05,0.87,0.02,6.97,5.68,0.16
1057,74.0,74.0,81,1639.0,1656.0,0.0,0.91,0.12,1.27,0.12,6.52,7.67,0.42
1058,98.0,81.0,80,3692.0,3699.0,0.14,1.46,0.11,0.54,0.03,5.7,6.24,0.24
1059,90.0,10.0,78,3775.0,3819.0,0.0,1.2,0.1,0.79,0.05,3.51,6.26,0.08
1060,91.0,68.0,78,2239.0,2250.0,0.18,1.82,0.22,1.47,0.04,8.8,8.58,0.31
1061,80.0,48.0,78,1016.0,1026.0,0.19,2.05,1.07,0.58,0.0,8.19,6.34,0.0
1062,34.0,93.0,77,5005.0,5053.0,0.02,1.33,0.0,1.37,0.08,6.47,7.54,0.06
1063,41.0,3.0,77,4462.0,4566.0,0.13,1.03,0.04,0.44,0.11,6.33,6.04,0.26
1064,95.0,22.0,77,3498.0,3499.0,0.03,1.51,0.03,0.74,0.06,3.4,6.26,0.0
1065,77.0,14.0,77,2198.0,2252.0,0.04,0.22,0.09,0.13,0.0,2.71,1.55,0.18
1066,91.0,75.0,77,680.0,689.0,0.15,1.31,0.15,0.29,0.0,7.11,5.22,0.29
1067,37.0,78.0,76,7496.0,7616.0,0.09,0.98,0.05,1.38,0.09,5.34,7.56,0.25
1068,96.0,9.0,76,2031.0,2048.0,0.34,1.66,0.0,0.29,0.0,4.88,4.74,0.05
1069,90.0,0.0,76,1400.0,1535.0,0.07,1.37,0.0,0.39,0.0,6.45,5.41,0.07
1070,54.0,0.0,75,3159.0,3199.0,0.0,1.13,0.0,1.28,0.31,5.5,8.22,0.22
1071,98.0,97.0,75,2752.0,2739.0,0.11,1.24,0.15,0.91,0.04,6.13,6.17,0.22
1072,77.0,7.0,75,2233.0,2219.0,0.18,1.4,0.05,0.45,0.0,4.91,4.87,0.0
1073,17.0,40.0,75,2093.0,2105.0,0.1,1.0,0.14,0.38,0.14,3.61,6.6,0.14
1074,7.0,26.0,75,1213.0,1221.0,0.16,0.82,0.08,1.47,0.25,8.6,5.32,0.74
1075,47.0,99.0,75,1111.0,1124.0,0.09,1.16,0.0,0.98,0.0,7.12,5.6,1.07
1076,14.0,29.0,74,7116.0,7290.0,0.21,1.19,0.04,1.1,0.12,4.07,8.2,0.12
1077,0.0,98.0,74,4977.0,5009.0,0.0,0.74,0.18,0.84,0.0,4.83,5.53,0.28
1078,20.0,85.0,74,3589.0,3669.0,0.46,1.28,0.3,0.76,0.11,5.91,4.72,0.16
1079,94.0,52.0,74,3188.0,3195.0,0.22,2.0,0.16,0.5,0.03,5.01,6.67,0.16
1080,67.0,0.0,74,2465.0,2461.0,0.16,1.06,0.24,1.18,0.0,4.14,6.66,0.2
1081,57.0,71.0,73,5807.0,5871.0,0.07,1.23,0.07,1.35,0.12,3.87,7.97,0.0
1082,14.0,34.0,73,1678.0,1662.0,0.24,0.54,0.12,0.54,0.06,7.22,5.66,0.48
1083,13.0,88.0,73,585.0,605.0,0.0,0.33,0.17,0.66,0.0,9.59,6.12,0.33
1084,29.0,16.0,72,4771.0,4830.0,0.1,1.72,0.12,1.16,0.08,6.05,6.56,0.33
1085,88.0,86.0,72,2886.0,2889.0,0.07,1.38,0.0,0.55,0.07,4.53,4.88,0.42
1086,15.0,32.0,72,3041.0,3072.0,0.26,1.14,0.16,0.94,0.23,4.85,7.19,0.23
1087,0.0,6.0,72,2759.0,2791.0,0.14,1.61,0.04,1.25,0.04,6.92,6.81,0.39
1088,29.0,9.0,70,4857.0,4920.0,0.12,1.46,0.08,0.61,0.1,4.7,5.06,0.02
1089,0.0,3.0,69,2260.0,2307.0,0.04,1.17,0.09,0.56,0.0,8.06,5.24,2.47
1090,21.0,9.0,67,3712.0,3740.0,0.19,1.79,0.13,1.23,0.13,5.13,9.12,0.05
1091,94.0,49.0,67,2101.0,2103.0,0.19,1.85,0.05,1.43,0.14,6.28,7.32,0.33
1092,8.0,96.0,67,1913.0,1917.0,0.05,1.98,0.0,0.63,0.1,3.7,5.69,0.0
1093,11.0,95.0,67,1837.0,1863.0,0.05,1.61,0.27,1.29,0.11,5.74,7.14,0.86
1094,15.0,36.0,67,1458.0,1460.0,0.27,1.37,0.07,0.75,0.07,7.81,5.62,0.27
1095,85.0,74.0,66,2489.0,2494.0,0.2,2.45,0.0,1.48,0.28,9.26,6.38,1.92
1096,4.0,14.0,65,5721.0,5838.0,0.09,1.58,0.03,0.69,0.0,4.15,5.1,0.12
1097,61.0,67.0,65,3911.0,3910.0,0.05,2.23,0.0,1.15,0.08,4.83,6.24,0.18
1098,5.0,2.0,65,1740.0,1746.0,0.11,1.15,0.06,1.26,0.0,3.95,5.84,0.11
1099,73.0,6.0,65,1574.0,1571.0,0.0,1.65,0.0,0.7,0.0,4.52,5.86,0.06
1100,2.0,25.0,64,2006.0,2013.0,0.84,0.79,1.39,1.14,0.05,7.5,6.36,0.7
1101,90.0,96.0,64,596.0,647.0,0.0,1.08,0.0,1.08,0.0,6.96,4.95,0.77
1102,89.0,92.0,63,3862.0,3896.0,0.03,1.23,0.08,1.1,0.08,4.72,6.57,0.0
1103,8.0,36.0,63,3307.0,3312.0,0.39,1.63,0.09,0.91,0.03,4.71,6.43,0.24
1104,15.0,15.0,63,2396.0,2439.0,0.08,2.13,0.04,0.86,0.04,5.58,6.19,0.33
1105,45.0,75.0,63,1886.0,1921.0,0.42,1.04,0.05,0.99,0.1,7.39,8.02,0.21
1106,64.0,40.0,63,1871.0,1876.0,0.11,1.01,0.05,0.8,0.0,7.09,6.56,0.27
1107,13.0,97.0,62,4934.0,4964.0,0.02,1.51,0.02,0.83,0.04,5.84,5.94,0.08
1108,20.0,10.0,62,4005.0,4106.0,0.02,1.19,0.0,0.63,0.02,6.65,6.48,0.05
1109,9.0,80.0,62,3182.0,3207.0,0.0,1.09,0.0,1.22,0.06,4.12,6.7,0.06
1110,65.0,9.0,62,2954.0,3047.0,0.07,1.35,0.07,0.92,0.0,4.1,5.55,0.56
1111,1.0,59.0,62,2836.0,2889.0,0.03,0.59,0.0,0.24,0.0,2.91,1.52,0.28
1112,91.0,15.0,62,2585.0,2589.0,0.15,1.51,0.04,0.77,0.04,5.83,6.88,0.27
1113,68.0,92.0,62,787.0,785.0,0.13,2.29,0.0,0.64,0.0,5.86,6.5,0.13
1114,38.0,12.0,61,5026.0,5055.0,0.08,1.05,0.04,0.47,0.04,5.78,6.31,0.18
1115,88.0,10.0,61,4144.0,4168.0,0.0,0.55,0.17,0.65,0.0,3.69,4.39,0.12
1116,94.0,46.0,61,3708.0,3721.0,0.13,1.45,0.24,1.37,0.0,5.0,8.9,0.21
1117,10.0,50.0,61,3040.0,3077.0,0.0,1.14,0.0,0.62,0.0,5.46,5.95,0.26
1118,70.0,62.0,61,2279.0,2289.0,0.09,1.44,0.04,0.7,0.04,4.94,7.38,0.04
1119,15.0,6.0,61,1568.0,1590.0,0.0,1.51,0.06,0.82,0.0,4.4,6.23,0.63
1120,4.0,20.0,61,731.0,728.0,0.27,1.1,0.0,0.96,0.0,6.32,4.4,0.55
1121,14.0,79.0,60,1896.0,1911.0,0.21,1.2,0.0,0.94,0.1,5.86,7.17,0.84
1122,48.0,78.0,59,3976.0,4012.0,0.1,1.2,0.05,0.92,0.0,4.16,6.93,0.02
1123,34.0,19.0,59,2331.0,2345.0,0.04,1.07,0.04,0.77,0.0,4.14,5.97,0.04
1124,70.0,63.0,59,1715.0,1729.0,0.06,1.45,0.0,0.75,0.0,6.48,5.73,0.0
1125,0.0,26.0,59,1486.0,1501.0,0.07,1.6,0.0,1.13,0.07,4.26,8.53,0.4
1126,24.0,64.0,59,1193.0,1228.0,0.08,1.22,0.0,0.41,0.0,5.05,6.03,0.16
1127,59.0,60.0,58,2182.0,2203.0,0.09,0.95,0.05,0.95,0.0,5.54,5.72,0.14
1128,93.0,82.0,57,2635.0,2702.0,0.04,0.7,0.04,0.93,0.04,5.66,8.33,0.11
1129,50.0,93.0,56,3899.0,3960.0,0.15,1.14,0.05,1.77,0.13,6.94,8.11,0.05
1130,67.0,82.0,56,866.0,855.0,0.94,2.34,0.23,1.75,0.0,9.82,9.12,1.17
1131,40.0,6.0,56,876.0,885.0,0.0,1.02,0.0,0.68,0.0,8.59,5.65,1.36
1132,96.0,17.0,55,2344.0,2345.0,0.3,1.66,0.21,1.83,0.04,8.27,8.14,0.0
1133,73.0,91.0,55,1903.0,1908.0,0.16,1.62,0.1,1.83,0.0,5.24,8.33,0.05
1134,85.0,15.0,55,1011.0,1030.0,0.0,1.17,0.29,1.36,0.0,4.95,8.06,0.29
1135,99.0,84.0,54,7180.0,7257.0,0.12,0.94,0.17,0.74,0.06,4.48,5.47,0.1
1136,82.0,27.0,54,4736.0,4815.0,0.0,1.83,0.02,0.98,0.06,5.42,6.96,0.04
1137,32.0,0.0,54,4189.0,4291.0,0.07,0.65,0.05,0.56,0.0,3.94,3.82,0.14
1138,85.0,50.0,54,2568.0,2569.0,0.08,1.71,0.08,1.21,0.04,5.29,7.28,0.0
1139,65.0,44.0,54,1571.0,1582.0,0.19,1.39,0.0,0.51,0.0,5.12,6.13,0.0
1140,57.0,44.0,54,1179.0,1192.0,0.0,1.09,0.08,1.17,0.0,6.8,7.3,0.08
1141,52.5,38.5,53,2498.0,2528.0,0.0,1.66,0.0,1.42,0.08,6.13,8.23,0.08
1142,70.0,88.0,53,1547.0,1559.0,0.26,0.38,0.0,0.64,0.0,7.38,4.68,0.45
1143,9.0,95.0,53,1437.0,1483.0,0.07,1.62,0.13,0.67,0.0,6.27,6.27,0.34
1144,23.0,86.0,53,1478.0,1515.0,0.26,1.25,0.73,0.46,0.0,6.8,5.08,0.46
1145,20.0,13.0,53,1269.0,1295.0,0.08,2.01,0.0,0.85,0.23,6.41,6.95,0.0
1146,46.0,98.0,53,866.0,865.0,0.12,0.81,0.0,0.58,0.23,5.09,6.47,0.0
1147,61.0,84.0,53,633.0,640.0,0.0,2.34,0.16,1.25,0.16,5.47,4.84,0.94
1148,53.0,71.0,52,4577.0,4610.0,0.46,1.54,0.54,0.65,0.07,5.66,4.82,0.07
1149,50.0,15.0,52,3176.0,3204.0,0.09,1.19,0.06,1.78,0.0,5.59,7.52,0.09
1150,50.0,85.0,52,3071.0,3109.0,0.13,0.96,1.09,1.22,0.1,5.76,7.46,0.1
1151,85.0,85.0,51,4521.0,4537.0,0.26,1.59,0.04,1.12,0.0,5.71,5.6,0.0
1152,88.0,48.0,51,3531.0,3608.0,0.06,1.3,0.06,0.39,0.06,2.72,6.82,0.06
1153,20.0,13.0,51,2762.0,2877.0,0.03,1.56,0.0,0.8,0.0,5.67,7.82,0.52
1154,50.0,43.0,51,1050.0,1046.0,0.19,1.15,0.29,0.96,0.0,7.17,6.21,0.76
1155,41.0,88.0,51,764.0,778.0,0.39,1.8,0.13,0.26,0.0,6.3,6.3,0.39
1156,10.0,16.0,50,2511.0,2488.0,0.08,1.05,0.04,0.6,0.16,6.15,6.27,0.16
1157,24.0,71.0,50,1319.0,1334.0,0.22,1.2,0.0,0.52,0.0,4.2,5.55,0.07
1158,6.0,84.0,50,1348.0,1354.0,0.15,0.74,0.07,1.48,0.0,5.54,7.16,0.37
1159,1.0,3.0,49,3936.0,3956.0,0.0,1.59,0.1,1.49,0.1,4.25,6.24,0.15
1160,50.0,85.0,49,3454.0,3472.0,0.0,1.12,0.06,1.09,0.03,4.26,6.19,0.0
1161,11.0,13.0,49,2821.0,2857.0,0.18,0.77,0.07,0.81,0.04,4.83,4.97,0.28
1162,68.0,16.0,49,1315.0,1326.0,0.23,0.9,0.3,0.6,0.0,5.51,6.94,0.15
1163,70.0,7.0,48,4334.0,4381.0,0.02,0.78,0.0,0.96,0.0,4.13,5.73,0.16
1164,94.0,44.0,48,2218.0,2231.0,0.09,1.52,0.04,0.81,0.0,6.05,6.45,0.13
1165,46.0,13.0,48,1599.0,1648.0,0.06,2.06,0.24,1.15,0.0,4.79,7.16,0.18
1166,32.0,49.0,48,736.0,741.0,0.13,2.43,0.0,1.35,0.0,5.13,7.15,0.13
1167,55.0,2.0,47,3296.0,3334.0,0.12,1.59,0.0,0.93,0.09,6.99,6.24,0.0
1168,2.0,9.0,47,3098.0,3128.0,0.1,1.12,0.1,0.67,0.1,5.37,6.01,0.35
1169,0.0,99.0,47,2966.0,3078.0,0.03,0.94,0.13,0.32,0.1,5.07,4.71,0.32
1170,26.0,70.0,47,2643.0,2661.0,0.0,1.28,0.08,1.35,0.04,4.47,8.49,0.11
1171,8.0,10.0,47,1791.0,1808.0,0.06,1.38,0.44,0.55,0.22,4.76,5.59,0.66
1172,10.0,82.0,47,639.0,632.0,0.32,1.42,0.32,0.32,0.32,7.59,4.43,0.16
1173,70.0,13.0,46,4049.0,4038.0,0.1,1.02,0.3,0.59,0.07,5.99,6.79,0.07
1174,50.0,50.0,46,3634.0,3636.0,0.0,1.9,0.0,1.07,0.0,4.37,7.07,0.0
1175,41.0,58.0,46,2691.0,2729.0,0.37,0.81,0.15,1.32,0.18,5.94,7.7,0.33
1176,13.0,7.0,45,3591.0,3635.0,0.25,1.65,0.03,1.43,0.03,5.56,7.87,0.08
1177,30.0,85.0,45,1811.0,1834.0,0.0,2.07,0.05,0.82,0.0,4.36,7.25,0.05
1178,15.0,54.0,45,1722.0,1725.0,0.0,1.04,0.17,0.29,0.0,3.77,4.17,0.12
1179,83.0,94.0,45,1527.0,1557.0,0.26,1.8,0.0,1.09,0.0,6.55,6.1,0.06
1180,61.0,10.0,45,1521.0,1527.0,0.07,2.49,0.0,0.72,0.13,5.3,5.83,0.07
1181,0.0,11.0,45,780.0,788.0,0.0,1.78,0.25,0.63,0.0,5.58,4.57,0.89
1182,0.0,1.0,44,808.0,810.0,0.0,1.23,0.0,0.62,0.0,4.81,6.42,0.12
1183,95.0,15.0,43,3762.0,3766.0,0.08,1.12,0.77,1.22,0.0,4.78,9.37,0.05
1184,2.0,4.0,43,2211.0,2232.0,0.04,1.25,0.0,1.48,0.27,5.15,9.54,0.13
1185,32.0,88.0,43,1546.0,1553.0,0.19,0.77,0.06,1.16,0.06,6.25,8.95,0.39
1186,9.0,28.0,43,615.0,621.0,0.32,2.42,0.0,1.61,0.0,7.89,5.15,0.0
1187,51.0,1.0,42,2651.0,2669.0,0.04,1.16,0.0,1.01,0.0,7.61,7.64,0.94
1188,71.0,91.0,42,2158.0,2165.0,0.23,1.71,0.69,2.45,0.05,5.54,8.55,0.14
1189,70.0,15.0,42,1114.0,1115.0,0.0,1.08,0.18,0.54,0.0,4.93,6.19,0.45
1190,80.0,2.0,42,1042.0,1069.0,0.09,1.03,0.09,0.56,0.0,7.3,5.71,0.09
1191,71.0,23.0,41,3279.0,3352.0,0.15,1.01,0.0,0.75,0.03,5.34,6.95,0.24
1192,54.0,82.0,41,1362.0,1391.0,0.07,1.37,0.0,1.08,0.0,5.32,6.25,0.29
1193,73.0,49.0,41,930.0,949.0,0.21,1.9,0.0,1.58,0.0,4.43,4.53,0.63
1194,3.0,92.0,40,2384.0,2418.0,0.08,0.83,0.0,0.79,0.45,5.13,7.78,0.33
1195,98.0,70.0,40,1986.0,2004.0,0.0,0.4,0.0,1.25,0.0,3.24,4.69,0.0
1196,13.0,16.0,40,2005.0,2021.0,0.2,0.89,0.4,1.19,0.05,6.83,5.59,1.63
1197,94.0,30.0,40,1393.0,1431.0,0.07,0.98,0.07,1.82,0.0,6.22,6.29,0.56
1198,46.0,3.0,40,734.0,739.0,0.14,1.89,0.0,0.14,0.0,5.41,4.74,0.27
1199,13.0,84.0,39,6363.0,6472.0,0.12,1.17,0.22,1.1,0.06,4.98,6.66,0.09
1200,15.0,50.0,39,2326.0,2379.0,0.67,1.6,0.0,1.35,0.0,7.69,8.24,0.55
1201,54.0,88.0,39,1263.0,1284.0,0.23,1.48,0.08,2.18,0.08,6.93,7.87,0.31
1202,87.0,96.0,39,1174.0,1176.0,0.34,2.13,0.6,1.02,0.09,7.31,7.14,1.45
1203,70.0,7.0,39,1129.0,1140.0,0.0,0.88,0.0,0.44,0.0,5.09,5.79,0.44
1204,1.0,10.0,39,541.0,542.0,0.0,1.29,0.37,0.74,0.0,5.54,5.9,0.37
1205,6.0,84.0,39,416.0,419.0,0.0,1.67,0.0,0.95,0.0,7.64,6.21,1.43
1206,10.0,1.0,38,2472.0,2536.0,0.08,0.67,0.08,0.59,0.0,4.53,6.59,0.47
1207,57.0,87.0,38,1027.0,1039.0,0.1,0.96,0.0,0.67,0.1,6.06,5.68,0.0
1208,60.0,7.0,38,757.0,766.0,0.13,0.52,0.13,0.65,0.0,5.09,5.22,0.39
1209,1.0,96.0,38,462.0,481.0,0.21,0.62,0.0,1.04,0.42,8.94,7.28,0.21
1210,85.0,50.0,37,2919.0,2958.0,0.1,0.85,0.0,0.61,0.0,5.54,6.56,0.0
1211,3.0,13.0,37,2836.0,2873.0,0.03,1.01,0.03,0.8,0.0,4.84,5.36,0.0
1212,15.0,15.0,37,2122.0,2123.0,0.14,1.74,0.0,0.89,0.0,4.38,5.32,0.0
1213,45.0,8.0,37,1164.0,1168.0,0.17,1.8,0.17,0.68,0.0,5.14,6.34,0.51
1214,61.0,69.0,37,658.0,661.0,0.15,0.91,0.0,1.66,0.0,4.24,6.66,0.15
1215,9.0,86.0,36,3827.0,3846.0,0.05,0.86,0.0,0.55,0.0,3.35,6.16,0.49
1216,6.0,28.0,36,2456.0,2450.0,0.12,0.78,0.24,1.02,0.0,5.22,5.92,0.0
1217,13.0,90.0,36,2297.0,2318.0,0.13,1.81,0.47,1.47,0.0,4.75,7.59,0.17
1218,17.0,92.0,36,1901.0,1926.0,0.1,1.51,0.0,1.19,0.1,6.75,6.85,0.57
1219,49.0,47.0,36,1285.0,1367.0,0.37,1.61,0.29,0.66,0.0,8.05,5.27,0.37
1220,21.0,0.0,36,1197.0,1207.0,0.17,0.91,0.17,1.57,0.0,6.71,6.63,0.5
1221,6.0,9.0,36,1025.0,1034.0,0.1,1.55,0.0,1.74,0.0,5.8,9.28,0.1
1222,19.0,87.0,36,333.0,329.0,0.0,0.91,0.3,1.52,0.0,5.78,6.38,0.3
1223,57.0,1.0,35,1546.0,1558.0,0.0,0.64,0.26,0.71,0.06,6.42,5.33,0.0
1224,30.0,49.0,35,1204.0,1213.0,0.08,0.99,0.16,0.58,0.0,6.92,6.1,0.33
1225,22.0,1.0,34,4468.0,4603.0,0.04,0.89,0.02,0.54,0.07,4.74,4.41,0.0
1226,58.0,86.0,34,2018.0,2045.0,0.24,0.93,0.34,0.93,0.0,5.18,7.19,0.2
1227,0.0,11.0,34,1858.0,1883.0,0.11,0.48,0.11,0.58,0.11,4.51,5.68,0.11
1228,17.0,53.0,34,1201.0,1205.0,0.0,2.07,0.08,0.91,0.08,5.39,6.14,0.0
1229,5.0,15.0,34,1050.0,1059.0,0.0,2.64,0.0,0.57,0.0,3.49,4.91,0.0
1230,67.5,35.0,34,1057.0,1070.0,0.28,1.31,0.0,1.03,0.28,8.04,6.26,1.4
1231,39.0,2.0,34,467.0,480.0,0.0,0.42,0.21,0.83,0.0,7.29,4.58,0.42
1232,85.0,85.0,33,2878.0,2883.0,0.1,2.05,0.1,1.42,0.0,4.2,6.66,0.0
1233,81.0,63.0,33,1923.0,1995.0,0.05,1.3,0.3,1.7,0.0,5.96,6.42,0.3
1234,69.0,19.0,33,1806.0,1814.0,0.17,0.99,0.11,1.16,0.0,7.66,8.32,0.06
1235,0.0,26.0,33,1554.0,1572.0,0.13,3.63,0.25,0.45,0.0,4.2,4.9,0.0
1236,23.0,92.0,33,972.0,977.0,0.0,0.82,0.0,1.33,0.31,5.12,8.8,0.0
1237,69.0,43.0,33,862.0,873.0,0.23,1.6,0.11,0.46,0.0,5.15,5.38,0.23
1238,11.0,26.0,33,505.0,501.0,0.0,1.4,0.0,1.2,0.0,7.58,5.39,0.2
1239,47.0,85.0,32,2905.0,2922.0,0.41,0.86,0.41,1.44,0.03,7.29,9.17,0.24
1240,85.0,85.0,32,1834.0,1837.0,0.11,1.91,0.0,1.03,0.0,5.06,6.26,0.22
1241,80.0,90.0,32,1381.0,1391.0,0.07,1.29,0.14,2.01,0.22,5.1,8.77,0.5
1242,29.0,1.0,32,1085.0,1072.0,0.0,0.37,0.09,1.21,0.0,5.97,7.74,0.19
1243,26.0,59.0,32,967.0,987.0,0.1,1.11,0.3,0.71,0.0,6.08,5.67,0.0
1244,24.0,36.0,32,1090.0,1114.0,0.0,1.97,0.18,0.45,0.0,4.67,7.36,0.18
1245,0.0,50.0,32,805.0,811.0,0.12,1.85,0.0,0.86,0.0,3.95,5.67,0.25
1246,0.0,58.0,31,2388.0,2411.0,0.12,1.95,0.0,0.79,0.25,5.02,6.72,0.62
1247,20.0,3.0,31,1380.0,1385.0,0.0,1.88,0.07,0.72,0.0,5.2,6.64,0.07
1248,45.0,81.0,31,1292.0,1306.0,0.08,1.15,0.69,0.61,0.23,7.2,6.2,0.38
1249,25.0,62.0,31,1065.0,1072.0,0.0,0.84,0.37,0.75,0.0,5.41,3.82,0.0
1250,70.0,67.0,31,734.0,735.0,0.14,1.22,0.0,1.36,0.0,6.67,8.44,0.0
1251,8.0,46.0,30,2215.0,2219.0,0.18,1.31,0.09,0.99,0.09,6.22,6.62,0.27
1252,23.0,58.0,30,1749.0,1757.0,0.06,1.88,0.28,0.85,0.17,5.81,7.06,0.0
1253,89.0,58.0,30,1183.0,1195.0,0.84,1.59,0.0,1.0,0.0,6.11,8.03,0.0
1254,21.0,29.0,30,1010.0,1014.0,0.1,1.38,0.0,0.2,0.0,5.82,6.31,0.1
1255,43.0,90.0,30,641.0,641.0,0.31,0.0,0.16,0.94,0.0,5.93,7.02,0.62
1256,68.0,6.0,29,1720.0,1751.0,0.0,1.6,0.0,1.31,0.06,6.34,7.48,0.46
1257,74.0,6.0,29,1289.0,1298.0,0.0,1.62,0.23,0.31,0.0,5.01,6.24,0.0
1258,95.0,36.0,29,851.0,859.0,0.23,0.7,0.0,0.7,0.23,6.05,5.82,0.35
1259,50.0,16.0,29,349.0,354.0,0.28,2.82,0.28,0.0,0.0,5.08,8.47,0.28
1260,15.0,15.0,28,1440.0,1452.0,0.07,2.48,0.0,2.07,0.07,9.44,7.85,0.62
1261,8.0,16.0,28,817.0,818.0,0.12,0.49,0.0,1.22,0.0,7.82,6.48,0.24
1262,50.0,15.0,27,2211.0,2214.0,0.09,1.58,0.0,1.63,0.05,4.61,7.5,0.0
1263,1.0,1.0,27,1343.0,1412.0,0.14,1.27,0.07,0.57,0.35,4.67,4.6,0.0
1264,93.0,25.0,27,450.0,462.0,0.0,0.65,0.22,1.73,0.0,2.38,6.71,0.0
1265,57.5,30.0,26,2778.0,2853.0,0.18,2.45,0.0,0.63,0.0,3.47,5.54,0.11
1266,8.0,76.0,26,676.0,693.0,0.14,1.01,0.29,0.14,0.0,6.64,5.77,0.0
1267,75.0,28.0,26,448.0,450.0,0.0,1.11,0.0,0.67,0.0,3.56,6.22,0.44
1268,90.0,17.0,26,344.0,336.0,0.0,0.89,0.0,0.89,0.0,2.98,4.46,0.3
1269,93.0,32.0,25,2346.0,2367.0,0.13,0.89,0.04,0.68,0.04,4.06,6.51,0.38
1270,80.0,34.0,25,592.0,599.0,0.17,0.83,0.17,1.34,0.0,5.01,4.34,0.67
1271,61.0,26.0,24,1132.0,1147.0,0.0,1.13,0.09,0.7,0.0,5.14,4.8,0.26
1272,23.0,61.0,24,1139.0,1156.0,0.0,1.64,0.43,0.52,0.09,4.93,5.36,0.35
1273,12.0,52.0,24,564.0,596.0,0.0,0.84,0.0,0.5,0.17,4.87,5.7,0.34
1274,19.0,46.0,23,1329.0,1323.0,0.3,1.59,0.91,0.91,0.08,6.65,6.42,0.53
1275,26.0,24.0,23,1098.0,1119.0,0.0,0.71,0.0,0.36,0.0,7.51,7.95,0.18
1276,70.0,0.0,23,879.0,914.0,0.11,1.75,0.22,1.2,0.0,6.78,7.55,0.66
1277,89.0,3.0,23,666.0,669.0,0.0,2.09,0.0,0.3,0.0,6.73,6.28,0.45
1278,10.0,40.0,23,459.0,467.0,0.21,0.86,0.0,0.86,0.0,6.64,6.42,0.43
1279,43.0,96.0,22,1267.0,1263.0,0.4,1.03,0.63,1.19,0.24,7.52,8.39,0.08
1280,54.0,37.0,22,703.0,706.0,0.0,1.56,0.0,0.28,0.14,3.54,6.52,0.14
1281,10.0,33.0,22,677.0,694.0,0.0,2.02,0.14,0.72,0.0,7.49,5.33,0.43
1282,87.0,93.0,21,2263.0,2293.0,0.26,1.79,0.57,1.26,0.0,6.41,5.93,0.22
1283,85.0,5.0,21,1484.0,1492.0,0.13,2.14,0.07,1.01,0.0,4.69,6.23,0.0
1284,0.0,2.0,21,1393.0,1396.0,0.0,1.43,0.29,1.22,0.36,6.81,6.81,1.5
1285,33.0,1.0,21,1175.0,1180.0,0.17,1.69,0.0,1.19,0.0,4.83,8.31,0.08
1286,74.0,25.0,21,633.0,635.0,0.16,1.42,0.0,0.79,0.0,6.14,6.46,0.31
1287,17.0,40.0,20,2070.0,2107.0,0.05,1.66,2.04,0.57,0.0,3.46,5.17,0.0
1288,0.0,5.0,20,1291.0,1315.0,0.0,1.29,0.08,0.84,0.0,5.86,6.16,0.08
1289,1.0,5.0,20,1104.0,1110.0,0.09,1.35,0.18,0.45,0.09,5.5,4.86,0.0
1290,10.0,0.0,20,621.0,630.0,0.0,0.79,1.43,0.63,0.0,4.29,4.29,0.16
1291,9.0,80.0,20,509.0,514.0,0.0,0.58,0.19,0.78,0.0,4.28,5.45,0.39
1292,1.0,99.0,20,473.0,465.0,0.65,3.66,0.0,1.08,0.0,10.54,6.45,0.22
1293,22.0,76.0,20,383.0,388.0,0.0,1.03,0.0,0.77,0.26,5.15,6.7,1.03
1294,43.0,53.0,19,1673.0,1689.0,0.3,1.07,0.3,0.77,0.0,6.28,6.51,0.06
1295,30.0,22.0,19,1091.0,1148.0,0.17,1.92,0.26,0.52,0.0,6.27,6.01,0.09
1296,2.0,3.0,19,1396.0,1413.0,0.07,1.7,0.0,0.78,0.21,4.32,6.37,0.0
1297,50.0,40.0,19,1086.0,1102.0,0.18,1.54,0.18,1.36,0.36,5.81,7.44,0.09
1298,34.0,90.0,19,964.0,971.0,0.1,1.44,0.0,0.72,0.0,7.21,6.08,0.0
1299,29.0,72.0,19,877.0,893.0,0.34,1.01,0.56,1.57,0.0,5.71,10.3,0.22
1300,75.0,63.0,19,413.0,416.0,0.0,1.68,0.0,2.16,0.48,3.85,8.65,0.0
1301,92.0,94.0,18,747.0,750.0,0.13,1.07,0.0,1.87,0.0,8.8,8.93,0.13
1302,79.0,63.0,18,372.0,373.0,0.27,2.95,0.0,1.61,0.0,8.85,4.83,0.8
1303,0.0,29.0,17,1764.0,1780.0,0.06,0.73,0.28,1.01,0.17,6.63,8.43,0.0
1304,11.0,16.0,17,1503.0,1536.0,0.07,0.72,0.0,0.78,0.13,5.47,5.14,0.13
1305,50.0,67.0,17,957.0,961.0,0.42,1.25,0.83,1.04,0.0,9.16,6.76,0.0
1306,70.0,94.0,17,740.0,747.0,0.27,2.01,0.27,0.67,0.0,7.1,7.36,0.27
1307,13.0,98.0,17,745.0,750.0,0.0,1.87,0.53,2.13,0.0,8.13,7.07,0.13
1308,0.0,76.0,17,621.0,635.0,0.0,0.94,0.31,0.0,0.0,5.2,4.72,0.16
1309,60.0,67.0,17,569.0,572.0,0.17,0.52,0.35,0.7,0.0,6.47,7.34,0.0
1310,50.0,97.0,16,924.0,926.0,0.22,1.08,0.54,1.08,0.0,5.72,10.26,0.43
1311,29.0,92.0,16,847.0,861.0,0.0,3.6,0.0,0.35,0.0,3.14,4.18,0.0
1312,10.0,50.0,16,513.0,530.0,0.0,1.13,0.0,0.94,0.0,1.89,4.72,0.0
1313,39.0,69.0,16,540.0,560.0,0.0,1.61,0.0,0.71,0.0,6.61,5.0,0.0
1314,70.0,55.0,16,544.0,558.0,0.0,1.79,0.0,0.72,0.18,3.58,8.24,0.0
1315,92.0,44.0,16,406.0,408.0,0.25,0.49,0.0,0.98,0.0,6.86,6.86,0.0
1316,23.0,80.0,16,334.0,338.0,0.0,1.48,0.0,2.07,0.0,5.62,6.21,0.0
1317,53.0,48.0,16,356.0,358.0,0.56,0.84,0.0,1.12,0.0,5.87,6.42,1.12
1318,50.0,15.0,15,1614.0,1618.0,0.12,1.67,0.06,1.24,0.0,4.33,5.44,0.0
1319,77.0,54.0,15,1668.0,1679.0,0.06,1.01,0.12,1.01,0.42,4.47,7.74,0.06
1320,11.0,34.0,15,1314.0,1354.0,0.15,0.89,0.07,0.52,0.0,3.84,6.06,0.15
1321,8.0,4.0,15,1406.0,1379.0,0.0,1.96,0.15,0.51,0.07,7.25,6.24,0.15
1322,32.0,0.0,15,1171.0,1146.0,0.09,1.48,0.09,1.22,0.0,7.24,6.72,0.35
1323,90.0,26.0,15,959.0,962.0,0.31,0.31,0.31,1.46,0.21,5.82,8.0,0.1
1324,79.0,9.0,15,926.0,932.0,0.11,1.5,0.11,1.07,0.0,6.97,6.65,0.11
1325,50.0,50.0,15,817.0,817.0,0.0,1.59,0.0,1.1,0.0,5.02,7.1,0.0
1326,34.0,87.0,15,564.0,574.0,0.35,1.22,0.35,1.92,0.17,7.14,9.23,0.17
1327,0.0,98.0,15,496.0,504.0,0.0,0.6,0.6,0.4,0.2,1.98,2.78,0.0
1328,17.0,46.0,15,413.0,433.0,0.0,1.15,0.23,0.92,0.0,3.46,4.85,0.0
1329,86.0,90.0,14,1389.0,1393.0,0.0,1.44,0.07,1.44,0.07,5.96,7.54,0.0
1330,15.0,85.0,14,1286.0,1293.0,0.46,1.47,0.23,1.08,0.0,5.49,6.19,0.08
1331,57.0,90.0,14,1146.0,1156.0,0.0,1.21,0.0,0.69,0.0,3.72,5.45,0.09
1332,12.0,74.0,14,1269.0,1294.0,0.31,1.85,0.54,0.15,0.0,5.95,6.11,0.08
1333,79.0,80.0,14,924.0,937.0,0.43,1.92,0.0,1.07,0.0,4.59,8.22,0.11
1334,23.0,50.0,14,868.0,873.0,0.23,1.03,0.0,0.46,0.0,4.47,6.41,0.11
1335,9.0,27.0,14,592.0,601.0,0.0,1.33,0.0,1.0,0.0,5.16,6.66,0.17
1336,68.0,9.0,14,524.0,530.0,0.0,1.51,0.0,0.75,0.0,9.62,4.53,0.19
1337,3.0,92.0,14,436.0,444.0,0.45,1.13,0.23,0.23,0.0,5.41,5.86,0.0
1338,2.0,44.0,14,376.0,390.0,0.0,1.03,0.0,0.0,0.0,2.82,6.15,0.0
1339,3.0,10.0,14,392.0,414.0,0.0,0.97,0.24,0.97,0.0,5.56,5.07,0.24
1340,70.0,62.0,13,1489.0,1503.0,0.0,0.8,0.0,1.66,0.0,5.66,6.52,0.0
1341,21.0,56.0,13,1151.0,1164.0,0.0,2.84,0.0,1.55,0.09,4.64,8.25,0.0
1342,50.0,82.0,13,1095.0,1099.0,0.09,1.82,0.0,0.36,0.18,7.28,8.28,0.27
1343,89.0,16.0,13,817.0,820.0,0.12,1.71,0.0,0.73,0.0,6.34,10.0,0.12
1344,23.0,36.0,13,711.0,723.0,0.0,1.38,0.0,0.41,0.14,6.64,4.84,0.0
1345,77.5,72.5,13,564.0,572.0,0.0,1.75,0.0,1.92,0.0,6.29,9.09,0.17
1346,55.0,49.0,13,597.0,606.0,0.0,0.66,0.17,0.66,0.33,5.12,7.43,0.17
1347,40.0,43.0,13,560.0,565.0,0.0,1.77,0.18,0.35,0.0,3.19,5.66,0.18
1348,73.0,95.0,13,540.0,533.0,0.19,1.69,0.75,1.31,0.0,7.69,6.19,0.38
1349,1.0,43.0,13,497.0,502.0,0.0,0.0,0.2,0.4,0.0,4.78,4.98,0.2
1350,60.0,94.0,13,395.0,328.0,0.0,0.3,0.3,1.22,0.0,4.88,5.18,0.0
1351,96.0,22.0,13,368.0,368.0,0.0,0.54,0.27,0.54,0.0,5.71,8.97,0.0
1352,0.0,10.0,12,1681.0,1687.0,0.12,0.83,0.12,1.19,0.06,7.77,8.24,0.24
1353,5.0,67.0,12,846.0,856.0,0.0,1.64,0.0,0.7,0.0,4.32,4.32,0.35
1354,85.0,50.0,12,808.0,809.0,0.0,0.87,0.0,2.35,0.12,4.08,7.91,0.0
1355,5.0,86.0,12,804.0,810.0,0.0,1.23,0.0,0.49,0.0,3.21,6.79,0.0
1356,57.0,55.0,12,392.0,413.0,0.0,2.18,0.0,0.24,0.0,2.91,3.39,0.0
1357,1.0,1.0,12,435.0,437.0,0.0,1.14,0.0,0.69,0.0,6.86,6.41,0.69
1358,15.0,95.0,11,477.0,491.0,0.2,1.63,0.2,1.02,0.0,4.89,4.89,0.61
1359,51.0,40.0,11,474.0,491.0,0.0,1.22,0.0,1.02,0.0,4.89,6.92,0.0
1360,29.0,2.0,11,446.0,448.0,0.0,1.34,0.0,0.0,0.0,6.03,4.46,0.22
1361,100.0,40.0,11,330.0,331.0,0.0,2.42,0.0,1.81,0.0,5.14,9.06,0.0
1362,45.0,90.0,10,471.0,490.0,0.2,1.63,0.2,1.63,0.0,11.63,8.57,0.0
1363,81.0,1.0,10,363.0,363.0,0.0,2.2,0.28,1.93,0.0,9.92,8.26,0.28
1364,13.0,26.0,9,3059.0,3126.0,0.03,1.28,0.06,1.66,0.03,3.93,5.34,0.0
1365,87.0,31.0,9,826.0,831.0,0.0,0.24,0.0,0.72,0.0,4.45,6.26,0.0
1366,86.0,22.0,9,827.0,839.0,0.48,1.07,0.36,1.31,0.24,6.32,7.27,0.0
1367,1.0,78.0,9,665.0,671.0,0.0,0.75,0.6,1.79,0.0,6.41,8.49,0.3
1368,70.0,49.0,9,664.0,663.0,0.3,0.45,0.15,0.45,0.0,8.3,8.75,0.15
1369,92.0,11.0,8,1450.0,1457.0,0.07,0.96,0.14,1.3,0.27,4.19,7.28,0.07
1370,18.0,20.0,8,837.0,835.0,0.0,1.8,0.72,0.72,0.0,6.47,5.99,0.84
1371,0.0,76.0,8,609.0,617.0,0.0,3.24,0.0,1.46,0.0,3.24,5.35,0.0
1372,50.0,2.0,8,477.0,460.0,0.22,0.87,0.22,0.87,0.0,6.09,5.65,0.0
1373,11.0,76.0,8,359.0,361.0,0.0,1.39,0.0,0.55,0.0,3.6,4.99,0.0
1374,93.0,31.0,8,326.0,328.0,0.0,0.91,0.0,0.91,0.0,5.79,7.62,0.0
1375,13.0,24.0,7,824.0,828.0,0.12,1.09,0.36,0.12,0.0,5.8,2.78,0.0
1376,43.0,50.0,7,445.0,463.0,0.22,0.22,0.22,0.43,0.0,3.67,6.05,0.0
1377,61.0,87.0,7,439.0,430.0,0.0,0.47,0.7,1.16,0.0,6.98,6.98,0.0
1378,81.0,25.0,7,464.0,470.0,0.0,1.06,0.0,0.21,0.0,2.34,5.32,0.21
1379,9.0,96.0,7,413.0,409.0,0.0,2.2,0.24,0.24,0.0,3.67,6.6,1.22
1380,34.0,44.0,6,1343.0,1352.0,0.0,1.11,0.07,1.11,0.07,3.18,7.69,0.0
1381,50.0,39.0,6,765.0,778.0,0.13,2.06,0.13,0.64,0.0,5.78,5.01,0.0
1382,9.0,1.0,6,490.0,493.0,0.0,0.2,0.0,0.0,0.0,3.25,3.65,0.0
1383,57.0,18.0,6,460.0,457.0,0.0,1.75,0.22,0.44,0.0,3.06,5.25,0.0
1384,3.0,58.0,6,360.0,366.0,0.0,1.64,0.0,0.27,0.0,5.74,5.46,0.27
1385,0.0,6.0,5,905.0,914.0,0.11,0.55,0.22,0.22,0.11,6.89,7.66,0.0
1386,8.0,29.0,5,689.0,691.0,0.0,1.59,0.29,0.43,0.0,6.51,6.51,0.0
1387,89.0,5.0,5,481.0,482.0,0.21,1.24,0.21,1.66,0.0,6.22,7.26,0.0
1388,46.0,91.0,5,451.0,452.0,0.66,1.77,1.33,0.88,0.0,7.96,6.86,0.0
1389,74.0,0.0,5,382.0,388.0,0.0,0.26,0.52,0.52,0.0,9.79,7.47,0.26
1390,15.0,93.0,5,372.0,382.0,0.0,0.26,0.26,1.05,0.0,3.93,6.02,0.0
1391,0.0,3.0,5,354.0,355.0,0.0,3.38,0.28,1.13,0.0,5.63,4.79,0.0
1392,15.0,73.0,5,346.0,347.0,0.0,1.73,0.58,1.15,0.0,5.48,9.51,0.0
1393,79.0,25.0,5,317.0,326.0,0.0,2.76,0.31,1.53,0.0,7.06,10.43,2.76
1394,0.0,1.0,3,447.0,447.0,0.0,2.91,0.0,0.45,0.45,6.71,6.26,0.67
1395,11.0,53.0,3,370.0,369.0,0.54,0.81,1.08,0.54,0.0,5.42,4.61,0.0
1396,5.0,96.0,3,352.0,365.0,0.27,1.37,0.0,0.55,0.0,5.75,7.67,0.55
1397,87.0,61.0,2,978.0,971.0,0.41,0.62,0.72,0.62,0.21,4.94,6.08,0.0
1398,56.0,60.0,2,420.0,425.0,0.0,1.18,0.0,0.71,0.0,4.47,6.35,0.24
1399,88.0,80.0,2,393.0,397.0,0.25,3.53,0.0,0.5,0.0,7.3,6.3,0.5
1400,0.0,5.0,1,670.0,644.0,0.0,1.09,0.16,0.47,0.0,6.37,5.59,0.0
1401,32.0,86.0,1,492.0,494.0,0.2,0.2,0.61,0.2,0.0,8.1,6.88,0.0
1402,6.0,22.0,1,353.0,358.0,0.0,1.96,0.0,0.84,0.0,6.7,4.47,0.0
